Workbook

Sheet nodes
A1: node | B1: x | C1: y | D1: z | E1: resx | F1: resy | G1: resz | H1: A | I1: mxp | J1: myp | K1: fzp | L1: mxs | M1: mys | N1: fzs | P1: N | Q1: NUM | R1: X | S1: Y | T1: Z | U1: RES | V1: NODE | W1: UX | X1: UY | Y1: UZ | Z1: F, | AA1: N | AB1: FY, | AC1: VALUE
A2: 1 | B2: 0 | C2: 0 | D2: 300 | E2: 1 | F2: 1 | G2: 1 | H2: 900 | I2: 0 | J2: 0 | K2: =-H2*4.25/10000 -> -0.3825 | L2: 0 | M2: 0 | N2: =-H2*2.5/10000 -> -0.225 | P2: N, | Q2: =A2&"," -> 1, | R2: =B2&"," -> 0, | S2: =C2&"," -> 0, | T2: =D2 -> 300 | U2: D, | V2: =A2&"," -> 1, | W2: =IF(E2=1,"UX","") -> UX | X2: =IF(F2=1,"UY","") -> UY | Y2: =IF(G2=1,"UY,","") -> UY, | Z2: F, | AA2: =Q2 -> 1, | AB2: FY, | AC2: =-(1.4*K2+1.5*N2) -> 0.873
A3: 2 | B3: 30 | C3: 0 | D3: 300 | E3: 0 | F3: 0 | G3: 1 | H3: 900 | I3: 0 | J3: 0 | K3: =-H3*4.25/10000 -> -0.3825 | L3: 0 | M3: 0 | N3: =-H3*2.5/10000 -> -0.225 | P3: N, | Q3: =A3&"," -> 2, | R3: =B3&"," -> 30, | S3: =C3&"," -> 0, | T3: =D3 -> 300 | U3: D, | V3: =A3&"," -> 2, | W3: =IF(E3=1,"UX","") | X3: =IF(F3=1,"UY","") | Y3: =IF(G3=1,"UY","") -> UY | Z3: F, | AA3: =Q3 -> 2, | AB3: FY, | AC3: =-(1.4*K3+1.5*N3) -> 0.873
A4: 3 | B4: 60 | C4: 0 | D4: 300 | E4: 0 | F4: 0 | G4: 1 | H4: 900 | I4: 0 | J4: 0 | K4: =-H4*4.25/10000 -> -0.3825 | L4: 0 | M4: 0 | N4: =-H4*2.5/10000 -> -0.225 | P4: N, | Q4: =A4&"," -> 3, | R4: =B4&"," -> 60, | S4: =C4&"," -> 0, | T4: =D4 -> 300 | U4: D, | V4: =A4&"," -> 3, | W4: =IF(E4=1,"UX","") | X4: =IF(F4=1,"UY","") | Y4: =IF(G4=1,"UY","") -> UY | Z4: F, | AA4: =Q4 -> 3, | AB4: FY, | AC4: =-(1.4*K4+1.5*N4) -> 0.873
A5: 4 | B5: 90 | C5: 0 | D5: 300 | E5: 0 | F5: 0 | G5: 1 | H5: 900 | I5: 0 | J5: 0 | K5: =-H5*4.25/10000 -> -0.3825 | L5: 0 | M5: 0 | N5: =-H5*2.5/10000 -> -0.225 | P5: N, | Q5: =A5&"," -> 4, | R5: =B5&"," -> 90, | S5: =C5&"," -> 0, | T5: =D5 -> 300 | U5: D, | V5: =A5&"," -> 4, | W5: =IF(E5=1,"UX","") | X5: =IF(F5=1,"UY","") | Y5: =IF(G5=1,"UY","") -> UY | Z5: F, | AA5: =Q5 -> 4, | AB5: FY, | AC5: =-(1.4*K5+1.5*N5) -> 0.873
A6: 5 | B6: 120 | C6: 0 | D6: 300 | E6: 0 | F6: 0 | G6: 1 | H6: 900 | I6: 0 | J6: 0 | K6: =-H6*4.25/10000 -> -0.3825 | L6: 0 | M6: 0 | N6: =-H6*2.5/10000 -> -0.225 | P6: N, | Q6: =A6&"," -> 5, | R6: =B6&"," -> 120, | S6: =C6&"," -> 0, | T6: =D6 -> 300 | U6: D, | V6: =A6&"," -> 5, | W6: =IF(E6=1,"UX","") | X6: =IF(F6=1,"UY","") | Y6: =IF(G6=1,"UY","") -> UY | Z6: F, | AA6: =Q6 -> 5, | AB6: FY, | AC6: =-(1.4*K6+1.5*N6) -> 0.873
A7: 6 | B7: 150 | C7: 0 | D7: 300 | E7: 0 | F7: 0 | G7: 1 | H7: 900 | I7: 0 | J7: 0 | K7: =-H7*4.25/10000 -> -0.3825 | L7: 0 | M7: 0 | N7: =-H7*2.5/10000 -> -0.225 | P7: N, | Q7: =A7&"," -> 6, | R7: =B7&"," -> 150, | S7: =C7&"," -> 0, | T7: =D7 -> 300 | U7: D, | V7: =A7&"," -> 6, | W7: =IF(E7=1,"UX","") | X7: =IF(F7=1,"UY","") | Y7: =IF(G7=1,"UY","") -> UY | Z7: F, | AA7: =Q7 -> 6, | AB7: FY, | AC7: =-(1.4*K7+1.5*N7) -> 0.873
A8: 7 | B8: 180 | C8: 0 | D8: 300 | E8: 0 | F8: 0 | G8: 1 | H8: 900 | I8: 0 | J8: 0 | K8: =-H8*4.25/10000 -> -0.3825 | L8: 0 | M8: 0 | N8: =-H8*2.5/10000 -> -0.225 | P8: N, | Q8: =A8&"," -> 7, | R8: =B8&"," -> 180, | S8: =C8&"," -> 0, | T8: =D8 -> 300 | U8: D, | V8: =A8&"," -> 7, | W8: =IF(E8=1,"UX","") | X8: =IF(F8=1,"UY","") | Y8: =IF(G8=1,"UY","") -> UY | Z8: F, | AA8: =Q8 -> 7, | AB8: FY, | AC8: =-(1.4*K8+1.5*N8) -> 0.873
A9: 8 | B9: 210 | C9: 0 | D9: 300 | E9: 0 | F9: 0 | G9: 1 | H9: 900 | I9: 0 | J9: 0 | K9: =-H9*4.25/10000 -> -0.3825 | L9: 0 | M9: 0 | N9: =-H9*2.5/10000 -> -0.225 | P9: N, | Q9: =A9&"," -> 8, | R9: =B9&"," -> 210, | S9: =C9&"," -> 0, | T9: =D9 -> 300 | U9: D, | V9: =A9&"," -> 8, | W9: =IF(E9=1,"UX","") | X9: =IF(F9=1,"UZ","") | Y9: =IF(G9=1,"UY","") -> UY | Z9: F, | AA9: =Q9 -> 8, | AB9: FY, | AC9: =-(1.4*K9+1.5*N9) -> 0.873
A10: 9 | B10: 240 | C10: 0 | D10: 300 | E10: 0 | F10: 0 | G10: 1 | H10: 900 | I10: 0 | J10: 0 | K10: =-H10*4.25/10000 -> -0.3825 | L10: 0 | M10: 0 | N10: =-H10*2.5/10000 -> -0.225 | P10: N, | Q10: =A10&"," -> 9, | R10: =B10&"," -> 240, | S10: =C10&"," -> 0, | T10: =D10 -> 300 | U10: D, | V10: =A10&"," -> 9, | W10: =IF(E10=1,"UX","") | X10: =IF(F10=1,"UZ","") | Y10: =IF(G10=1,"UY","") -> UY | Z10: F, | AA10: =Q10 -> 9, | AB10: FY, | AC10: =-(1.4*K10+1.5*N10) -> 0.873
A11: 10 | B11: 270 | C11: 0 | D11: 300 | E11: 0 | F11: 0 | G11: 1 | H11: 900 | I11: 0 | J11: 0 | K11: =-H11*4.25/10000 -> -0.3825 | L11: 0 | M11: 0 | N11: =-H11*2.5/10000 -> -0.225 | P11: N, | Q11: =A11&"," -> 10, | R11: =B11&"," -> 270, | S11: =C11&"," -> 0, | T11: =D11 -> 300 | U11: D, | V11: =A11&"," -> 10, | W11: =IF(E11=1,"UX","") | X11: =IF(F11=1,"UZ","") | Y11: =IF(G11=1,"UY","") -> UY | Z11: F, | AA11: =Q11 -> 10, | AB11: FY, | AC11: =-(1.4*K11+1.5*N11) -> 0.873
A12: 11 | B12: 300 | C12: 0 | D12: 300 | E12: 0 | F12: 0 | G12: 1 | H12: 900 | I12: 0 | J12: 0 | K12: =-H12*4.25/10000 -> -0.3825 | L12: 0 | M12: 0 | N12: =-H12*2.5/10000 -> -0.225 | P12: N, | Q12: =A12&"," -> 11, | R12: =B12&"," -> 300, | S12: =C12&"," -> 0, | T12: =D12 -> 300 | U12: D, | V12: =A12&"," -> 11, | W12: =IF(E12=1,"UX","") | X12: =IF(F12=1,"UY","") | Y12: =IF(G12=1,"UY","") -> UY | Z12: F, | AA12: =Q12 -> 11, | AB12: FY, | AC12: =-(1.4*K12+1.5*N12) -> 0.873
A13: 12 | B13: 330 | C13: 0 | D13: 300 | E13: 0 | F13: 0 | G13: 1 | H13: 900 | I13: 0 | J13: 0 | K13: =-H13*4.25/10000 -> -0.3825 | L13: 0 | M13: 0 | N13: =-H13*2.5/10000 -> -0.225 | P13: N, | Q13: =A13&"," -> 12, | R13: =B13&"," -> 330, | S13: =C13&"," -> 0, | T13: =D13 -> 300 | U13: D, | V13: =A13&"," -> 12, | W13: =IF(E13=1,"UX","") | X13: =IF(F13=1,"UY","") | Y13: =IF(G13=1,"UY","") -> UY | Z13: F, | AA13: =Q13 -> 12, | AB13: FY, | AC13: =-(1.4*K13+1.5*N13) -> 0.873
A14: 13 | B14: 360 | C14: 0 | D14: 300 | E14: 0 | F14: 0 | G14: 1 | H14: 900 | I14: 0 | J14: 0 | K14: =-H14*4.25/10000 -> -0.3825 | L14: 0 | M14: 0 | N14: =-H14*2.5/10000 -> -0.225 | P14: N, | Q14: =A14&"," -> 13, | R14: =B14&"," -> 360, | S14: =C14&"," -> 0, | T14: =D14 -> 300 | U14: D, | V14: =A14&"," -> 13, | W14: =IF(E14=1,"UX","") | X14: =IF(F14=1,"UY","") | Y14: =IF(G14=1,"UY","") -> UY | Z14: F, | AA14: =Q14 -> 13, | AB14: FY, | AC14: =-(1.4*K14+1.5*N14) -> 0.873
A15: 14 | B15: 390 | C15: 0 | D15: 300 | E15: 0 | F15: 0 | G15: 1 | H15: 900 | I15: 0 | J15: 0 | K15: =-H15*4.25/10000 -> -0.3825 | L15: 0 | M15: 0 | N15: =-H15*2.5/10000 -> -0.225 | P15: N, | Q15: =A15&"," -> 14, | R15: =B15&"," -> 390, | S15: =C15&"," -> 0, | T15: =D15 -> 300 | U15: D, | V15: =A15&"," -> 14, | W15: =IF(E15=1,"UX","") | X15: =IF(F15=1,"UY","") | Y15: =IF(G15=1,"UY","") -> UY | Z15: F, | AA15: =Q15 -> 14, | AB15: FY, | AC15: =-(1.4*K15+1.5*N15) -> 0.873
A16: 15 | B16: 420 | C16: 0 | D16: 300 | E16: 0 | F16: 0 | G16: 1 | H16: 900 | I16: 0 | J16: 0 | K16: =-H16*4.25/10000 -> -0.3825 | L16: 0 | M16: 0 | N16: =-H16*2.5/10000 -> -0.225 | P16: N, | Q16: =A16&"," -> 15, | R16: =B16&"," -> 420, | S16: =C16&"," -> 0, | T16: =D16 -> 300 | U16: D, | V16: =A16&"," -> 15, | W16: =IF(E16=1,"UX","") | X16: =IF(F16=1,"UY","") | Y16: =IF(G16=1,"UY","") -> UY | Z16: F, | AA16: =Q16 -> 15, | AB16: FY, | AC16: =-(1.4*K16+1.5*N16) -> 0.873
A17: 16 | B17: 450 | C17: 0 | D17: 300 | E17: 0 | F17: 0 | G17: 1 | H17: 900 | I17: 0 | J17: 0 | K17: =-H17*4.25/10000 -> -0.3825 | L17: 0 | M17: 0 | N17: =-H17*2.5/10000 -> -0.225 | P17: N, | Q17: =A17&"," -> 16, | R17: =B17&"," -> 450, | S17: =C17&"," -> 0, | T17: =D17 -> 300 | U17: D, | V17: =A17&"," -> 16, | W17: =IF(E17=1,"UX","") | X17: =IF(F17=1,"UY","") | Y17: =IF(G17=1,"UY","") -> UY | Z17: F, | AA17: =Q17 -> 16, | AB17: FY, | AC17: =-(1.4*K17+1.5*N17) -> 0.873
A18: 17 | B18: 480 | C18: 0 | D18: 300 | E18: 0 | F18: 0 | G18: 1 | H18: 900 | I18: 0 | J18: 0 | K18: =-H18*4.25/10000 -> -0.3825 | L18: 0 | M18: 0 | N18: =-H18*2.5/10000 -> -0.225 | P18: N, | Q18: =A18&"," -> 17, | R18: =B18&"," -> 480, | S18: =C18&"," -> 0, | T18: =D18 -> 300 | U18: D, | V18: =A18&"," -> 17, | W18: =IF(E18=1,"UX","") | X18: =IF(F18=1,"UY","") | Y18: =IF(G18=1,"UY","") -> UY | Z18: F, | AA18: =Q18 -> 17, | AB18: FY, | AC18: =-(1.4*K18+1.5*N18) -> 0.873
A19: 18 | B19: 510 | C19: 0 | D19: 300 | E19: 0 | F19: 0 | G19: 1 | H19: 900 | I19: 0 | J19: 0 | K19: =-H19*4.25/10000 -> -0.3825 | L19: 0 | M19: 0 | N19: =-H19*2.5/10000 -> -0.225 | P19: N, | Q19: =A19&"," -> 18, | R19: =B19&"," -> 510, | S19: =C19&"," -> 0, | T19: =D19 -> 300 | U19: D, | V19: =A19&"," -> 18, | W19: =IF(E19=1,"UX","") | X19: =IF(F19=1,"UY","") | Y19: =IF(G19=1,"UY","") -> UY | Z19: F, | AA19: =Q19 -> 18, | AB19: FY, | AC19: =-(1.4*K19+1.5*N19) -> 0.873
A20: 19 | B20: 540 | C20: 0 | D20: 300 | E20: 0 | F20: 0 | G20: 1 | H20: 900 | I20: 0 | J20: 0 | K20: =-H20*4.25/10000 -> -0.3825 | L20: 0 | M20: 0 | N20: =-H20*2.5/10000 -> -0.225 | P20: N, | Q20: =A20&"," -> 19, | R20: =B20&"," -> 540, | S20: =C20&"," -> 0, | T20: =D20 -> 300 | U20: D, | V20: =A20&"," -> 19, | W20: =IF(E20=1,"UX","") | X20: =IF(F20=1,"UY","") | Y20: =IF(G20=1,"UY","") -> UY | Z20: F, | AA20: =Q20 -> 19, | AB20: FY, | AC20: =-(1.4*K20+1.5*N20) -> 0.873
A21: 20 | B21: 570 | C21: 0 | D21: 300 | E21: 0 | F21: 0 | G21: 1 | H21: 900 | I21: 0 | J21: 0 | K21: =-H21*4.25/10000 -> -0.3825 | L21: 0 | M21: 0 | N21: =-H21*2.5/10000 -> -0.225 | P21: N, | Q21: =A21&"," -> 20, | R21: =B21&"," -> 570, | S21: =C21&"," -> 0, | T21: =D21 -> 300 | U21: D, | V21: =A21&"," -> 20, | W21: =IF(E21=1,"UX","") | X21: =IF(F21=1,"UY","") | Y21: =IF(G21=1,"UY","") -> UY | Z21: F, | AA21: =Q21 -> 20, | AB21: FY, | AC21: =-(1.4*K21+1.5*N21) -> 0.873
A22: 21 | B22: 600 | C22: 0 | D22: 300 | E22: 1 | F22: 1 | G22: 1 | H22: 900 | I22: 0 | J22: 0 | K22: =-H22*4.25/10000 -> -0.3825 | L22: 0 | M22: 0 | N22: =-H22*2.5/10000 -> -0.225 | P22: N, | Q22: =A22&"," -> 21, | R22: =B22&"," -> 600, | S22: =C22&"," -> 0, | T22: =D22 -> 300 | U22: D, | V22: =A22&"," -> 21, | W22: =IF(E22=1,"UX","") -> UX | X22: =IF(F22=1,"UY","") -> UY | Y22: =IF(G22=1,"UY,","") -> UY, | Z22: F, | AA22: =Q22 -> 21, | AB22: FY, | AC22: =-(1.4*K22+1.5*N22) -> 0.873
A23: 22 | B23: 0 | C23: 0 | D23: 270 | E23: 0 | F23: 0 | G23: 1 | H23: 900 | I23: 0 | J23: 0 | K23: =-H23*4.25/10000 -> -0.3825 | L23: 0 | M23: 0 | N23: =-H23*2.5/10000 -> -0.225 | P23: N, | Q23: =A23&"," -> 22, | R23: =B23&"," -> 0, | S23: =C23&"," -> 0, | T23: =D23 -> 270 | U23: D, | V23: =A23&"," -> 22, | W23: =IF(E23=1,"UX","") | X23: =IF(F23=1,"UY","") | Y23: =IF(G23=1,"UY","") -> UY | Z23: F, | AA23: =Q23 -> 22, | AB23: FY, | AC23: =-(1.4*K23+1.5*N23) -> 0.873
A24: 23 | B24: 30 | C24: 0 | D24: 270 | H24: 900 | I24: 0 | J24: 0 | K24: =-H24*4.25/10000 -> -0.3825 | L24: 0 | M24: 0 | N24: =-H24*2.5/10000 -> -0.225 | P24: N, | Q24: =A24&"," -> 23, | R24: =B24&"," -> 30, | S24: =C24&"," -> 0, | T24: =D24 -> 270 | U24: D, | V24: =A24&"," -> 23, | W24: =IF(E24=1,"UX","") | X24: =IF(F24=1,"UY","") | Y24: =IF(G24=1,"UY","") | Z24: F, | AA24: =Q24 -> 23, | AB24: FY, | AC24: =-(1.4*K24+1.5*N24) -> 0.873
A25: 24 | B25: 60 | C25: 0 | D25: 270 | H25: 900 | I25: 0 | J25: 0 | K25: =-H25*4.25/10000 -> -0.3825 | L25: 0 | M25: 0 | N25: =-H25*2.5/10000 -> -0.225 | P25: N, | Q25: =A25&"," -> 24, | R25: =B25&"," -> 60, | S25: =C25&"," -> 0, | T25: =D25 -> 270 | U25: D, | V25: =A25&"," -> 24, | W25: =IF(E25=1,"UX","") | X25: =IF(F25=1,"UY","") | Y25: =IF(G25=1,"UY","") | Z25: F, | AA25: =Q25 -> 24, | AB25: FY, | AC25: =-(1.4*K25+1.5*N25) -> 0.873
A26: 25 | B26: 90 | C26: 0 | D26: 270 | H26: 900 | I26: 0 | J26: 0 | K26: =-H26*4.25/10000 -> -0.3825 | L26: 0 | M26: 0 | N26: =-H26*2.5/10000 -> -0.225 | P26: N, | Q26: =A26&"," -> 25, | R26: =B26&"," -> 90, | S26: =C26&"," -> 0, | T26: =D26 -> 270 | U26: D, | V26: =A26&"," -> 25, | W26: =IF(E26=1,"UX","") | X26: =IF(F26=1,"UY","") | Y26: =IF(G26=1,"UY","") | Z26: F, | AA26: =Q26 -> 25, | AB26: FY, | AC26: =-(1.4*K26+1.5*N26) -> 0.873
A27: 26 | B27: 120 | C27: 0 | D27: 270 | H27: 900 | I27: 0 | J27: 0 | K27: =-H27*4.25/10000 -> -0.3825 | L27: 0 | M27: 0 | N27: =-H27*2.5/10000 -> -0.225 | P27: N, | Q27: =A27&"," -> 26, | R27: =B27&"," -> 120, | S27: =C27&"," -> 0, | T27: =D27 -> 270 | U27: D, | V27: =A27&"," -> 26, | W27: =IF(E27=1,"UX","") | X27: =IF(F27=1,"UY","") | Y27: =IF(G27=1,"UY","") | Z27: F, | AA27: =Q27 -> 26, | AB27: FY, | AC27: =-(1.4*K27+1.5*N27) -> 0.873
A28: 27 | B28: 150 | C28: 0 | D28: 270 | H28: 900 | I28: 0 | J28: 0 | K28: =-H28*4.25/10000 -> -0.3825 | L28: 0 | M28: 0 | N28: =-H28*2.5/10000 -> -0.225 | P28: N, | Q28: =A28&"," -> 27, | R28: =B28&"," -> 150, | S28: =C28&"," -> 0, | T28: =D28 -> 270 | U28: D, | V28: =A28&"," -> 27, | W28: =IF(E28=1,"UX","") | X28: =IF(F28=1,"UY","") | Y28: =IF(G28=1,"UY","") | Z28: F, | AA28: =Q28 -> 27, | AB28: FY, | AC28: =-(1.4*K28+1.5*N28) -> 0.873
A29: 28 | B29: 180 | C29: 0 | D29: 270 | H29: 900 | I29: 0 | J29: 0 | K29: =-H29*4.25/10000 -> -0.3825 | L29: 0 | M29: 0 | N29: =-H29*2.5/10000 -> -0.225 | P29: N, | Q29: =A29&"," -> 28, | R29: =B29&"," -> 180, | S29: =C29&"," -> 0, | T29: =D29 -> 270 | U29: D, | V29: =A29&"," -> 28, | W29: =IF(E29=1,"UX","") | X29: =IF(F29=1,"UZ","") | Y29: =IF(G29=1,"UY","") | Z29: F, | AA29: =Q29 -> 28, | AB29: FY, | AC29: =-(1.4*K29+1.5*N29) -> 0.873
A30: 29 | B30: 210 | C30: 0 | D30: 270 | H30: 900 | I30: 0 | J30: 0 | K30: =-H30*4.25/10000 -> -0.3825 | L30: 0 | M30: 0 | N30: =-H30*2.5/10000 -> -0.225 | P30: N, | Q30: =A30&"," -> 29, | R30: =B30&"," -> 210, | S30: =C30&"," -> 0, | T30: =D30 -> 270 | U30: D, | V30: =A30&"," -> 29, | W30: =IF(E30=1,"UX","") | X30: =IF(F30=1,"UZ","") | Y30: =IF(G30=1,"UY","") | Z30: F, | AA30: =Q30 -> 29, | AB30: FY, | AC30: =-(1.4*K30+1.5*N30) -> 0.873
A31: 30 | B31: 240 | C31: 0 | D31: 270 | H31: 900 | I31: 0 | J31: 0 | K31: =-H31*4.25/10000 -> -0.3825 | L31: 0 | M31: 0 | N31: =-H31*2.5/10000 -> -0.225 | P31: N, | Q31: =A31&"," -> 30, | R31: =B31&"," -> 240, | S31: =C31&"," -> 0, | T31: =D31 -> 270 | U31: D, | V31: =A31&"," -> 30, | W31: =IF(E31=1,"UX","") | X31: =IF(F31=1,"UY","") | Y31: =IF(G31=1,"UY","") | Z31: F, | AA31: =Q31 -> 30, | AB31: FY, | AC31: =-(1.4*K31+1.5*N31) -> 0.873
A32: 31 | B32: 270 | C32: 0 | D32: 270 | H32: 900 | I32: 0 | J32: 0 | K32: =-H32*4.25/10000 -> -0.3825 | L32: 0 | M32: 0 | N32: =-H32*2.5/10000 -> -0.225 | P32: N, | Q32: =A32&"," -> 31, | R32: =B32&"," -> 270, | S32: =C32&"," -> 0, | T32: =D32 -> 270 | U32: D, | V32: =A32&"," -> 31, | W32: =IF(E32=1,"UX","") | X32: =IF(F32=1,"UY","") | Y32: =IF(G32=1,"UY","") | Z32: F, | AA32: =Q32 -> 31, | AB32: FY, | AC32: =-(1.4*K32+1.5*N32) -> 0.873
A33: 32 | B33: 300 | C33: 0 | D33: 270 | H33: 900 | I33: 0 | J33: 0 | K33: =-H33*4.25/10000 -> -0.3825 | L33: 0 | M33: 0 | N33: =-H33*2.5/10000 -> -0.225 | P33: N, | Q33: =A33&"," -> 32, | R33: =B33&"," -> 300, | S33: =C33&"," -> 0, | T33: =D33 -> 270 | U33: D, | V33: =A33&"," -> 32, | W33: =IF(E33=1,"UX","") | X33: =IF(F33=1,"UY","") | Y33: =IF(G33=1,"UY","") | Z33: F, | AA33: =Q33 -> 32, | AB33: FY, | AC33: =-(1.4*K33+1.5*N33) -> 0.873
A34: 33 | B34: 330 | C34: 0 | D34: 270 | H34: 900 | I34: 0 | J34: 0 | K34: =-H34*4.25/10000 -> -0.3825 | L34: 0 | M34: 0 | N34: =-H34*2.5/10000 -> -0.225 | P34: N, | Q34: =A34&"," -> 33, | R34: =B34&"," -> 330, | S34: =C34&"," -> 0, | T34: =D34 -> 270 | U34: D, | V34: =A34&"," -> 33, | W34: =IF(E34=1,"UX","") | X34: =IF(F34=1,"UY","") | Y34: =IF(G34=1,"UY","") | Z34: F, | AA34: =Q34 -> 33, | AB34: FY, | AC34: =-(1.4*K34+1.5*N34) -> 0.873
A35: 34 | B35: 360 | C35: 0 | D35: 270 | H35: 900 | I35: 0 | J35: 0 | K35: =-H35*4.25/10000 -> -0.3825 | L35: 0 | M35: 0 | N35: =-H35*2.5/10000 -> -0.225 | P35: N, | Q35: =A35&"," -> 34, | R35: =B35&"," -> 360, | S35: =C35&"," -> 0, | T35: =D35 -> 270 | U35: D, | V35: =A35&"," -> 34, | W35: =IF(E35=1,"UX","") | X35: =IF(F35=1,"UY","") | Y35: =IF(G35=1,"UY","") | Z35: F, | AA35: =Q35 -> 34, | AB35: FY, | AC35: =-(1.4*K35+1.5*N35) -> 0.873
A36: 35 | B36: 390 | C36: 0 | D36: 270 | H36: 900 | I36: 0 | J36: 0 | K36: =-H36*4.25/10000 -> -0.3825 | L36: 0 | M36: 0 | N36: =-H36*2.5/10000 -> -0.225 | P36: N, | Q36: =A36&"," -> 35, | R36: =B36&"," -> 390, | S36: =C36&"," -> 0, | T36: =D36 -> 270 | U36: D, | V36: =A36&"," -> 35, | W36: =IF(E36=1,"UX","") | X36: =IF(F36=1,"UY","") | Y36: =IF(G36=1,"UY","") | Z36: F, | AA36: =Q36 -> 35, | AB36: FY, | AC36: =-(1.4*K36+1.5*N36) -> 0.873
A37: 36 | B37: 420 | C37: 0 | D37: 270 | H37: 900 | I37: 0 | J37: 0 | K37: =-H37*4.25/10000 -> -0.3825 | L37: 0 | M37: 0 | N37: =-H37*2.5/10000 -> -0.225 | P37: N, | Q37: =A37&"," -> 36, | R37: =B37&"," -> 420, | S37: =C37&"," -> 0, | T37: =D37 -> 270 | U37: D, | V37: =A37&"," -> 36, | W37: =IF(E37=1,"UX","") | X37: =IF(F37=1,"UY","") | Y37: =IF(G37=1,"UY","") | Z37: F, | AA37: =Q37 -> 36, | AB37: FY, | AC37: =-(1.4*K37+1.5*N37) -> 0.873
A38: 37 | B38: 450 | C38: 0 | D38: 270 | H38: 900 | I38: 0 | J38: 0 | K38: =-H38*4.25/10000 -> -0.3825 | L38: 0 | M38: 0 | N38: =-H38*2.5/10000 -> -0.225 | P38: N, | Q38: =A38&"," -> 37, | R38: =B38&"," -> 450, | S38: =C38&"," -> 0, | T38: =D38 -> 270 | U38: D, | V38: =A38&"," -> 37, | W38: =IF(E38=1,"UX","") | X38: =IF(F38=1,"UY","") | Y38: =IF(G38=1,"UY","") | Z38: F, | AA38: =Q38 -> 37, | AB38: FY, | AC38: =-(1.4*K38+1.5*N38) -> 0.873
A39: 38 | B39: 480 | C39: 0 | D39: 270 | H39: 900 | I39: 0 | J39: 0 | K39: =-H39*4.25/10000 -> -0.3825 | L39: 0 | M39: 0 | N39: =-H39*2.5/10000 -> -0.225 | P39: N, | Q39: =A39&"," -> 38, | R39: =B39&"," -> 480, | S39: =C39&"," -> 0, | T39: =D39 -> 270 | U39: D, | V39: =A39&"," -> 38, | W39: =IF(E39=1,"UX","") | X39: =IF(F39=1,"UY","") | Y39: =IF(G39=1,"UY","") | Z39: F, | AA39: =Q39 -> 38, | AB39: FY, | AC39: =-(1.4*K39+1.5*N39) -> 0.873
A40: 39 | B40: 510 | C40: 0 | D40: 270 | H40: 900 | I40: 0 | J40: 0 | K40: =-H40*4.25/10000 -> -0.3825 | L40: 0 | M40: 0 | N40: =-H40*2.5/10000 -> -0.225 | P40: N, | Q40: =A40&"," -> 39, | R40: =B40&"," -> 510, | S40: =C40&"," -> 0, | T40: =D40 -> 270 | U40: D, | V40: =A40&"," -> 39, | W40: =IF(E40=1,"UX","") | X40: =IF(F40=1,"UY","") | Y40: =IF(G40=1,"UY","") | Z40: F, | AA40: =Q40 -> 39, | AB40: FY, | AC40: =-(1.4*K40+1.5*N40) -> 0.873
A41: 40 | B41: 540 | C41: 0 | D41: 270 | H41: 900 | I41: 0 | J41: 0 | K41: =-H41*4.25/10000 -> -0.3825 | L41: 0 | M41: 0 | N41: =-H41*2.5/10000 -> -0.225 | P41: N, | Q41: =A41&"," -> 40, | R41: =B41&"," -> 540, | S41: =C41&"," -> 0, | T41: =D41 -> 270 | U41: D, | V41: =A41&"," -> 40, | W41: =IF(E41=1,"UX","") | X41: =IF(F41=1,"UY","") | Y41: =IF(G41=1,"UY","") | Z41: F, | AA41: =Q41 -> 40, | AB41: FY, | AC41: =-(1.4*K41+1.5*N41) -> 0.873
A42: 41 | B42: 570 | C42: 0 | D42: 270 | H42: 900 | I42: 0 | J42: 0 | K42: =-H42*4.25/10000 -> -0.3825 | L42: 0 | M42: 0 | N42: =-H42*2.5/10000 -> -0.225 | P42: N, | Q42: =A42&"," -> 41, | R42: =B42&"," -> 570, | S42: =C42&"," -> 0, | T42: =D42 -> 270 | U42: D, | V42: =A42&"," -> 41, | W42: =IF(E42=1,"UX","") | X42: =IF(F42=1,"UY","") | Y42: =IF(G42=1,"UY","") | Z42: F, | AA42: =Q42 -> 41, | AB42: FY, | AC42: =-(1.4*K42+1.5*N42) -> 0.873
A43: 42 | B43: 600 | C43: 0 | D43: 270 | E43: 0 | F43: 0 | G43: 1 | H43: 900 | I43: 0 | J43: 0 | K43: =-H43*4.25/10000 -> -0.3825 | L43: 0 | M43: 0 | N43: =-H43*2.5/10000 -> -0.225 | P43: N, | Q43: =A43&"," -> 42, | R43: =B43&"," -> 600, | S43: =C43&"," -> 0, | T43: =D43 -> 270 | U43: D, | V43: =A43&"," -> 42, | W43: =IF(E43=1,"UX","") | X43: =IF(F43=1,"UY","") | Y43: =IF(G43=1,"UY","") -> UY | Z43: F, | AA43: =Q43 -> 42, | AB43: FY, | AC43: =-(1.4*K43+1.5*N43) -> 0.873
A44: 43 | B44: 0 | C44: 0 | D44: 240 | E44: 0 | F44: 0 | G44: 1 | H44: 900 | I44: 0 | J44: 0 | K44: =-H44*4.25/10000 -> -0.3825 | L44: 0 | M44: 0 | N44: =-H44*2.5/10000 -> -0.225 | P44: N, | Q44: =A44&"," -> 43, | R44: =B44&"," -> 0, | S44: =C44&"," -> 0, | T44: =D44 -> 240 | U44: D, | V44: =A44&"," -> 43, | W44: =IF(E44=1,"UX","") | X44: =IF(F44=1,"UY","") | Y44: =IF(G44=1,"UY","") -> UY | Z44: F, | AA44: =Q44 -> 43, | AB44: FY, | AC44: =-(1.4*K44+1.5*N44) -> 0.873
A45: 44 | B45: 30 | C45: 0 | D45: 240 | H45: 900 | I45: 0 | J45: 0 | K45: =-H45*4.25/10000 -> -0.3825 | L45: 0 | M45: 0 | N45: =-H45*2.5/10000 -> -0.225 | P45: N, | Q45: =A45&"," -> 44, | R45: =B45&"," -> 30, | S45: =C45&"," -> 0, | T45: =D45 -> 240 | U45: D, | V45: =A45&"," -> 44, | W45: =IF(E45=1,"UX","") | X45: =IF(F45=1,"UY","") | Y45: =IF(G45=1,"UY","") | Z45: F, | AA45: =Q45 -> 44, | AB45: FY, | AC45: =-(1.4*K45+1.5*N45) -> 0.873
A46: 45 | B46: 60 | C46: 0 | D46: 240 | H46: 900 | I46: 0 | J46: 0 | K46: =-H46*4.25/10000 -> -0.3825 | L46: 0 | M46: 0 | N46: =-H46*2.5/10000 -> -0.225 | P46: N, | Q46: =A46&"," -> 45, | R46: =B46&"," -> 60, | S46: =C46&"," -> 0, | T46: =D46 -> 240 | U46: D, | V46: =A46&"," -> 45, | W46: =IF(E46=1,"UX","") | X46: =IF(F46=1,"UY","") | Y46: =IF(G46=1,"UY","") | Z46: F, | AA46: =Q46 -> 45, | AB46: FY, | AC46: =-(1.4*K46+1.5*N46) -> 0.873
A47: 46 | B47: 90 | C47: 0 | D47: 240 | H47: 900 | I47: 0 | J47: 0 | K47: =-H47*4.25/10000 -> -0.3825 | L47: 0 | M47: 0 | N47: =-H47*2.5/10000 -> -0.225 | P47: N, | Q47: =A47&"," -> 46, | R47: =B47&"," -> 90, | S47: =C47&"," -> 0, | T47: =D47 -> 240 | U47: D, | V47: =A47&"," -> 46, | W47: =IF(E47=1,"UX","") | X47: =IF(F47=1,"UY","") | Y47: =IF(G47=1,"UY","") | Z47: F, | AA47: =Q47 -> 46, | AB47: FY, | AC47: =-(1.4*K47+1.5*N47) -> 0.873
A48: 47 | B48: 120 | C48: 0 | D48: 240 | H48: 900 | I48: 0 | J48: 0 | K48: =-H48*4.25/10000 -> -0.3825 | L48: 0 | M48: 0 | N48: =-H48*2.5/10000 -> -0.225 | P48: N, | Q48: =A48&"," -> 47, | R48: =B48&"," -> 120, | S48: =C48&"," -> 0, | T48: =D48 -> 240 | U48: D, | V48: =A48&"," -> 47, | W48: =IF(E48=1,"UX","") | X48: =IF(F48=1,"UY","") | Y48: =IF(G48=1,"UY","") | Z48: F, | AA48: =Q48 -> 47, | AB48: FY, | AC48: =-(1.4*K48+1.5*N48) -> 0.873
A49: 48 | B49: 150 | C49: 0 | D49: 240 | H49: 900 | I49: 0 | J49: 0 | K49: =-H49*4.25/10000 -> -0.3825 | L49: 0 | M49: 0 | N49: =-H49*2.5/10000 -> -0.225 | P49: N, | Q49: =A49&"," -> 48, | R49: =B49&"," -> 150, | S49: =C49&"," -> 0, | T49: =D49 -> 240 | U49: D, | V49: =A49&"," -> 48, | W49: =IF(E49=1,"UX","") | X49: =IF(F49=1,"UZ","") | Y49: =IF(G49=1,"UY","") | Z49: F, | AA49: =Q49 -> 48, | AB49: FY, | AC49: =-(1.4*K49+1.5*N49) -> 0.873
A50: 49 | B50: 180 | C50: 0 | D50: 240 | H50: 900 | I50: 0 | J50: 0 | K50: =-H50*4.25/10000 -> -0.3825 | L50: 0 | M50: 0 | N50: =-H50*2.5/10000 -> -0.225 | P50: N, | Q50: =A50&"," -> 49, | R50: =B50&"," -> 180, | S50: =C50&"," -> 0, | T50: =D50 -> 240 | U50: D, | V50: =A50&"," -> 49, | W50: =IF(E50=1,"UX","") | X50: =IF(F50=1,"UZ","") | Y50: =IF(G50=1,"UY","") | Z50: F, | AA50: =Q50 -> 49, | AB50: FY, | AC50: =-(1.4*K50+1.5*N50) -> 0.873
A51: 50 | B51: 210 | C51: 0 | D51: 240 | H51: 900 | I51: 0 | J51: 0 | K51: =-H51*4.25/10000 -> -0.3825 | L51: 0 | M51: 0 | N51: =-H51*2.5/10000 -> -0.225 | P51: N, | Q51: =A51&"," -> 50, | R51: =B51&"," -> 210, | S51: =C51&"," -> 0, | T51: =D51 -> 240 | U51: D, | V51: =A51&"," -> 50, | W51: =IF(E51=1,"UX","") | X51: =IF(F51=1,"UY","") | Y51: =IF(G51=1,"UY","") | Z51: F, | AA51: =Q51 -> 50, | AB51: FY, | AC51: =-(1.4*K51+1.5*N51) -> 0.873
A52: 51 | B52: 240 | C52: 0 | D52: 240 | H52: 900 | I52: 0 | J52: 0 | K52: =-H52*4.25/10000 -> -0.3825 | L52: 0 | M52: 0 | N52: =-H52*2.5/10000 -> -0.225 | P52: N, | Q52: =A52&"," -> 51, | R52: =B52&"," -> 240, | S52: =C52&"," -> 0, | T52: =D52 -> 240 | U52: D, | V52: =A52&"," -> 51, | W52: =IF(E52=1,"UX","") | X52: =IF(F52=1,"UY","") | Y52: =IF(G52=1,"UY","") | Z52: F, | AA52: =Q52 -> 51, | AB52: FY, | AC52: =-(1.4*K52+1.5*N52) -> 0.873
A53: 52 | B53: 270 | C53: 0 | D53: 240 | H53: 900 | I53: 0 | J53: 0 | K53: =-H53*4.25/10000 -> -0.3825 | L53: 0 | M53: 0 | N53: =-H53*2.5/10000 -> -0.225 | P53: N, | Q53: =A53&"," -> 52, | R53: =B53&"," -> 270, | S53: =C53&"," -> 0, | T53: =D53 -> 240 | U53: D, | V53: =A53&"," -> 52, | W53: =IF(E53=1,"UX","") | X53: =IF(F53=1,"UY","") | Y53: =IF(G53=1,"UY","") | Z53: F, | AA53: =Q53 -> 52, | AB53: FY, | AC53: =-(1.4*K53+1.5*N53) -> 0.873
A54: 53 | B54: 300 | C54: 0 | D54: 240 | H54: 900 | I54: 0 | J54: 0 | K54: =-H54*4.25/10000 -> -0.3825 | L54: 0 | M54: 0 | N54: =-H54*2.5/10000 -> -0.225 | P54: N, | Q54: =A54&"," -> 53, | R54: =B54&"," -> 300, | S54: =C54&"," -> 0, | T54: =D54 -> 240 | U54: D, | V54: =A54&"," -> 53, | W54: =IF(E54=1,"UX","") | X54: =IF(F54=1,"UY","") | Y54: =IF(G54=1,"UY","") | Z54: F, | AA54: =Q54 -> 53, | AB54: FY, | AC54: =-(1.4*K54+1.5*N54) -> 0.873
A55: 54 | B55: 330 | C55: 0 | D55: 240 | H55: 900 | I55: 0 | J55: 0 | K55: =-H55*4.25/10000 -> -0.3825 | L55: 0 | M55: 0 | N55: =-H55*2.5/10000 -> -0.225 | P55: N, | Q55: =A55&"," -> 54, | R55: =B55&"," -> 330, | S55: =C55&"," -> 0, | T55: =D55 -> 240 | U55: D, | V55: =A55&"," -> 54, | W55: =IF(E55=1,"UX","") | X55: =IF(F55=1,"UY","") | Y55: =IF(G55=1,"UY","") | Z55: F, | AA55: =Q55 -> 54, | AB55: FY, | AC55: =-(1.4*K55+1.5*N55) -> 0.873
A56: 55 | B56: 360 | C56: 0 | D56: 240 | H56: 900 | I56: 0 | J56: 0 | K56: =-H56*4.25/10000 -> -0.3825 | L56: 0 | M56: 0 | N56: =-H56*2.5/10000 -> -0.225 | P56: N, | Q56: =A56&"," -> 55, | R56: =B56&"," -> 360, | S56: =C56&"," -> 0, | T56: =D56 -> 240 | U56: D, | V56: =A56&"," -> 55, | W56: =IF(E56=1,"UX","") | X56: =IF(F56=1,"UY","") | Y56: =IF(G56=1,"UY","") | Z56: F, | AA56: =Q56 -> 55, | AB56: FY, | AC56: =-(1.4*K56+1.5*N56) -> 0.873
A57: 56 | B57: 390 | C57: 0 | D57: 240 | H57: 900 | I57: 0 | J57: 0 | K57: =-H57*4.25/10000 -> -0.3825 | L57: 0 | M57: 0 | N57: =-H57*2.5/10000 -> -0.225 | P57: N, | Q57: =A57&"," -> 56, | R57: =B57&"," -> 390, | S57: =C57&"," -> 0, | T57: =D57 -> 240 | U57: D, | V57: =A57&"," -> 56, | W57: =IF(E57=1,"UX","") | X57: =IF(F57=1,"UY","") | Y57: =IF(G57=1,"UY","") | Z57: F, | AA57: =Q57 -> 56, | AB57: FY, | AC57: =-(1.4*K57+1.5*N57) -> 0.873
A58: 57 | B58: 420 | C58: 0 | D58: 240 | H58: 900 | I58: 0 | J58: 0 | K58: =-H58*4.25/10000 -> -0.3825 | L58: 0 | M58: 0 | N58: =-H58*2.5/10000 -> -0.225 | P58: N, | Q58: =A58&"," -> 57, | R58: =B58&"," -> 420, | S58: =C58&"," -> 0, | T58: =D58 -> 240 | U58: D, | V58: =A58&"," -> 57, | W58: =IF(E58=1,"UX","") | X58: =IF(F58=1,"UY","") | Y58: =IF(G58=1,"UY","") | Z58: F, | AA58: =Q58 -> 57, | AB58: FY, | AC58: =-(1.4*K58+1.5*N58) -> 0.873
A59: 58 | B59: 450 | C59: 0 | D59: 240 | H59: 900 | I59: 0 | J59: 0 | K59: =-H59*4.25/10000 -> -0.3825 | L59: 0 | M59: 0 | N59: =-H59*2.5/10000 -> -0.225 | P59: N, | Q59: =A59&"," -> 58, | R59: =B59&"," -> 450, | S59: =C59&"," -> 0, | T59: =D59 -> 240 | U59: D, | V59: =A59&"," -> 58, | W59: =IF(E59=1,"UX","") | X59: =IF(F59=1,"UY","") | Y59: =IF(G59=1,"UY","") | Z59: F, | AA59: =Q59 -> 58, | AB59: FY, | AC59: =-(1.4*K59+1.5*N59) -> 0.873
A60: 59 | B60: 480 | C60: 0 | D60: 240 | H60: 900 | I60: 0 | J60: 0 | K60: =-H60*4.25/10000 -> -0.3825 | L60: 0 | M60: 0 | N60: =-H60*2.5/10000 -> -0.225 | P60: N, | Q60: =A60&"," -> 59, | R60: =B60&"," -> 480, | S60: =C60&"," -> 0, | T60: =D60 -> 240 | U60: D, | V60: =A60&"," -> 59, | W60: =IF(E60=1,"UX","") | X60: =IF(F60=1,"UY","") | Y60: =IF(G60=1,"UY","") | Z60: F, | AA60: =Q60 -> 59, | AB60: FY, | AC60: =-(1.4*K60+1.5*N60) -> 0.873
A61: 60 | B61: 510 | C61: 0 | D61: 240 | H61: 900 | I61: 0 | J61: 0 | K61: =-H61*4.25/10000 -> -0.3825 | L61: 0 | M61: 0 | N61: =-H61*2.5/10000 -> -0.225 | P61: N, | Q61: =A61&"," -> 60, | R61: =B61&"," -> 510, | S61: =C61&"," -> 0, | T61: =D61 -> 240 | U61: D, | V61: =A61&"," -> 60, | W61: =IF(E61=1,"UX","") | X61: =IF(F61=1,"UY","") | Y61: =IF(G61=1,"UY","") | Z61: F, | AA61: =Q61 -> 60, | AB61: FY, | AC61: =-(1.4*K61+1.5*N61) -> 0.873
A62: 61 | B62: 540 | C62: 0 | D62: 240 | H62: 900 | I62: 0 | J62: 0 | K62: =-H62*4.25/10000 -> -0.3825 | L62: 0 | M62: 0 | N62: =-H62*2.5/10000 -> -0.225 | P62: N, | Q62: =A62&"," -> 61, | R62: =B62&"," -> 540, | S62: =C62&"," -> 0, | T62: =D62 -> 240 | U62: D, | V62: =A62&"," -> 61, | W62: =IF(E62=1,"UX","") | X62: =IF(F62=1,"UY","") | Y62: =IF(G62=1,"UY","") | Z62: F, | AA62: =Q62 -> 61, | AB62: FY, | AC62: =-(1.4*K62+1.5*N62) -> 0.873
A63: 62 | B63: 570 | C63: 0 | D63: 240 | H63: 900 | I63: 0 | J63: 0 | K63: =-H63*4.25/10000 -> -0.3825 | L63: 0 | M63: 0 | N63: =-H63*2.5/10000 -> -0.225 | P63: N, | Q63: =A63&"," -> 62, | R63: =B63&"," -> 570, | S63: =C63&"," -> 0, | T63: =D63 -> 240 | U63: D, | V63: =A63&"," -> 62, | W63: =IF(E63=1,"UX","") | X63: =IF(F63=1,"UY","") | Y63: =IF(G63=1,"UY","") | Z63: F, | AA63: =Q63 -> 62, | AB63: FY, | AC63: =-(1.4*K63+1.5*N63) -> 0.873
A64: 63 | B64: 600 | C64: 0 | D64: 240 | E64: 0 | F64: 0 | G64: 1 | H64: 900 | I64: 0 | J64: 0 | K64: =-H64*4.25/10000 -> -0.3825 | L64: 0 | M64: 0 | N64: =-H64*2.5/10000 -> -0.225 | P64: N, | Q64: =A64&"," -> 63, | R64: =B64&"," -> 600, | S64: =C64&"," -> 0, | T64: =D64 -> 240 | U64: D, | V64: =A64&"," -> 63, | W64: =IF(E64=1,"UX","") | X64: =IF(F64=1,"UY","") | Y64: =IF(G64=1,"UY","") -> UY | Z64: F, | AA64: =Q64 -> 63, | AB64: FY, | AC64: =-(1.4*K64+1.5*N64) -> 0.873
A65: 64 | B65: 0 | C65: 0 | D65: 210 | E65: 0 | F65: 0 | G65: 1 | H65: 900 | I65: 0 | J65: 0 | K65: =-H65*4.25/10000 -> -0.3825 | L65: 0 | M65: 0 | N65: =-H65*2.5/10000 -> -0.225 | P65: N, | Q65: =A65&"," -> 64, | R65: =B65&"," -> 0, | S65: =C65&"," -> 0, | T65: =D65 -> 210 | U65: D, | V65: =A65&"," -> 64, | W65: =IF(E65=1,"UX","") | X65: =IF(F65=1,"UY","") | Y65: =IF(G65=1,"UY","") -> UY | Z65: F, | AA65: =Q65 -> 64, | AB65: FY, | AC65: =-(1.4*K65+1.5*N65) -> 0.873
A66: 65 | B66: 30 | C66: 0 | D66: 210 | H66: 900 | I66: 0 | J66: 0 | K66: =-H66*4.25/10000 -> -0.3825 | L66: 0 | M66: 0 | N66: =-H66*2.5/10000 -> -0.225 | P66: N, | Q66: =A66&"," -> 65, | R66: =B66&"," -> 30, | S66: =C66&"," -> 0, | T66: =D66 -> 210 | U66: D, | V66: =A66&"," -> 65, | W66: =IF(E66=1,"UX","") | X66: =IF(F66=1,"UY","") | Y66: =IF(G66=1,"UY","") | Z66: F, | AA66: =Q66 -> 65, | AB66: FY, | AC66: =-(1.4*K66+1.5*N66) -> 0.873
A67: 66 | B67: 60 | C67: 0 | D67: 210 | H67: 900 | I67: 0 | J67: 0 | K67: =-H67*4.25/10000 -> -0.3825 | L67: 0 | M67: 0 | N67: =-H67*2.5/10000 -> -0.225 | P67: N, | Q67: =A67&"," -> 66, | R67: =B67&"," -> 60, | S67: =C67&"," -> 0, | T67: =D67 -> 210 | U67: D, | V67: =A67&"," -> 66, | W67: =IF(E67=1,"UX","") | X67: =IF(F67=1,"UY","") | Y67: =IF(G67=1,"UY","") | Z67: F, | AA67: =Q67 -> 66, | AB67: FY, | AC67: =-(1.4*K67+1.5*N67) -> 0.873
A68: 67 | B68: 90 | C68: 0 | D68: 210 | H68: 900 | I68: 0 | J68: 0 | K68: =-H68*4.25/10000 -> -0.3825 | L68: 0 | M68: 0 | N68: =-H68*2.5/10000 -> -0.225 | P68: N, | Q68: =A68&"," -> 67, | R68: =B68&"," -> 90, | S68: =C68&"," -> 0, | T68: =D68 -> 210 | U68: D, | V68: =A68&"," -> 67, | W68: =IF(E68=1,"UX","") | X68: =IF(F68=1,"UY","") | Y68: =IF(G68=1,"UY","") | Z68: F, | AA68: =Q68 -> 67, | AB68: FY, | AC68: =-(1.4*K68+1.5*N68) -> 0.873
A69: 68 | B69: 120 | C69: 0 | D69: 210 | H69: 900 | I69: 0 | J69: 0 | K69: =-H69*4.25/10000 -> -0.3825 | L69: 0 | M69: 0 | N69: =-H69*2.5/10000 -> -0.225 | P69: N, | Q69: =A69&"," -> 68, | R69: =B69&"," -> 120, | S69: =C69&"," -> 0, | T69: =D69 -> 210 | U69: D, | V69: =A69&"," -> 68, | W69: =IF(E69=1,"UX","") | X69: =IF(F69=1,"UZ","") | Y69: =IF(G69=1,"UY","") | Z69: F, | AA69: =Q69 -> 68, | AB69: FY, | AC69: =-(1.4*K69+1.5*N69) -> 0.873
A70: 69 | B70: 150 | C70: 0 | D70: 210 | H70: 900 | I70: 0 | J70: 0 | K70: =-H70*4.25/10000 -> -0.3825 | L70: 0 | M70: 0 | N70: =-H70*2.5/10000 -> -0.225 | P70: N, | Q70: =A70&"," -> 69, | R70: =B70&"," -> 150, | S70: =C70&"," -> 0, | T70: =D70 -> 210 | U70: D, | V70: =A70&"," -> 69, | W70: =IF(E70=1,"UX","") | X70: =IF(F70=1,"UZ","") | Y70: =IF(G70=1,"UY","") | Z70: F, | AA70: =Q70 -> 69, | AB70: FY, | AC70: =-(1.4*K70+1.5*N70) -> 0.873
A71: 70 | B71: 180 | C71: 0 | D71: 210 | H71: 900 | I71: 0 | J71: 0 | K71: =-H71*4.25/10000 -> -0.3825 | L71: 0 | M71: 0 | N71: =-H71*2.5/10000 -> -0.225 | P71: N, | Q71: =A71&"," -> 70, | R71: =B71&"," -> 180, | S71: =C71&"," -> 0, | T71: =D71 -> 210 | U71: D, | V71: =A71&"," -> 70, | W71: =IF(E71=1,"UX","") | X71: =IF(F71=1,"UY","") | Y71: =IF(G71=1,"UY","") | Z71: F, | AA71: =Q71 -> 70, | AB71: FY, | AC71: =-(1.4*K71+1.5*N71) -> 0.873
A72: 71 | B72: 210 | C72: 0 | D72: 210 | H72: 900 | I72: 0 | J72: 0 | K72: =-H72*4.25/10000 -> -0.3825 | L72: 0 | M72: 0 | N72: =-H72*2.5/10000 -> -0.225 | P72: N, | Q72: =A72&"," -> 71, | R72: =B72&"," -> 210, | S72: =C72&"," -> 0, | T72: =D72 -> 210 | U72: D, | V72: =A72&"," -> 71, | W72: =IF(E72=1,"UX","") | X72: =IF(F72=1,"UY","") | Y72: =IF(G72=1,"UY","") | Z72: F, | AA72: =Q72 -> 71, | AB72: FY, | AC72: =-(1.4*K72+1.5*N72) -> 0.873
A73: 72 | B73: 240 | C73: 0 | D73: 210 | H73: 900 | I73: 0 | J73: 0 | K73: =-H73*4.25/10000 -> -0.3825 | L73: 0 | M73: 0 | N73: =-H73*2.5/10000 -> -0.225 | P73: N, | Q73: =A73&"," -> 72, | R73: =B73&"," -> 240, | S73: =C73&"," -> 0, | T73: =D73 -> 210 | U73: D, | V73: =A73&"," -> 72, | W73: =IF(E73=1,"UX","") | X73: =IF(F73=1,"UY","") | Y73: =IF(G73=1,"UY","") | Z73: F, | AA73: =Q73 -> 72, | AB73: FY, | AC73: =-(1.4*K73+1.5*N73) -> 0.873
A74: 73 | B74: 270 | C74: 0 | D74: 210 | H74: 900 | I74: 0 | J74: 0 | K74: =-H74*4.25/10000 -> -0.3825 | L74: 0 | M74: 0 | N74: =-H74*2.5/10000 -> -0.225 | P74: N, | Q74: =A74&"," -> 73, | R74: =B74&"," -> 270, | S74: =C74&"," -> 0, | T74: =D74 -> 210 | U74: D, | V74: =A74&"," -> 73, | W74: =IF(E74=1,"UX","") | X74: =IF(F74=1,"UY","") | Y74: =IF(G74=1,"UY","") | Z74: F, | AA74: =Q74 -> 73, | AB74: FY, | AC74: =-(1.4*K74+1.5*N74) -> 0.873
A75: 74 | B75: 300 | C75: 0 | D75: 210 | H75: 900 | I75: 0 | J75: 0 | K75: =-H75*4.25/10000 -> -0.3825 | L75: 0 | M75: 0 | N75: =-H75*2.5/10000 -> -0.225 | P75: N, | Q75: =A75&"," -> 74, | R75: =B75&"," -> 300, | S75: =C75&"," -> 0, | T75: =D75 -> 210 | U75: D, | V75: =A75&"," -> 74, | W75: =IF(E75=1,"UX","") | X75: =IF(F75=1,"UY","") | Y75: =IF(G75=1,"UY","") | Z75: F, | AA75: =Q75 -> 74, | AB75: FY, | AC75: =-(1.4*K75+1.5*N75) -> 0.873
A76: 75 | B76: 330 | C76: 0 | D76: 210 | H76: 900 | I76: 0 | J76: 0 | K76: =-H76*4.25/10000 -> -0.3825 | L76: 0 | M76: 0 | N76: =-H76*2.5/10000 -> -0.225 | P76: N, | Q76: =A76&"," -> 75, | R76: =B76&"," -> 330, | S76: =C76&"," -> 0, | T76: =D76 -> 210 | U76: D, | V76: =A76&"," -> 75, | W76: =IF(E76=1,"UX","") | X76: =IF(F76=1,"UY","") | Y76: =IF(G76=1,"UY","") | Z76: F, | AA76: =Q76 -> 75, | AB76: FY, | AC76: =-(1.4*K76+1.5*N76) -> 0.873
A77: 76 | B77: 360 | C77: 0 | D77: 210 | H77: 900 | I77: 0 | J77: 0 | K77: =-H77*4.25/10000 -> -0.3825 | L77: 0 | M77: 0 | N77: =-H77*2.5/10000 -> -0.225 | P77: N, | Q77: =A77&"," -> 76, | R77: =B77&"," -> 360, | S77: =C77&"," -> 0, | T77: =D77 -> 210 | U77: D, | V77: =A77&"," -> 76, | W77: =IF(E77=1,"UX","") | X77: =IF(F77=1,"UY","") | Y77: =IF(G77=1,"UY","") | Z77: F, | AA77: =Q77 -> 76, | AB77: FY, | AC77: =-(1.4*K77+1.5*N77) -> 0.873
A78: 77 | B78: 390 | C78: 0 | D78: 210 | H78: 900 | I78: 0 | J78: 0 | K78: =-H78*4.25/10000 -> -0.3825 | L78: 0 | M78: 0 | N78: =-H78*2.5/10000 -> -0.225 | P78: N, | Q78: =A78&"," -> 77, | R78: =B78&"," -> 390, | S78: =C78&"," -> 0, | T78: =D78 -> 210 | U78: D, | V78: =A78&"," -> 77, | W78: =IF(E78=1,"UX","") | X78: =IF(F78=1,"UY","") | Y78: =IF(G78=1,"UY","") | Z78: F, | AA78: =Q78 -> 77, | AB78: FY, | AC78: =-(1.4*K78+1.5*N78) -> 0.873
A79: 78 | B79: 420 | C79: 0 | D79: 210 | H79: 900 | I79: 0 | J79: 0 | K79: =-H79*4.25/10000 -> -0.3825 | L79: 0 | M79: 0 | N79: =-H79*2.5/10000 -> -0.225 | P79: N, | Q79: =A79&"," -> 78, | R79: =B79&"," -> 420, | S79: =C79&"," -> 0, | T79: =D79 -> 210 | U79: D, | V79: =A79&"," -> 78, | W79: =IF(E79=1,"UX","") | X79: =IF(F79=1,"UY","") | Y79: =IF(G79=1,"UY","") | Z79: F, | AA79: =Q79 -> 78, | AB79: FY, | AC79: =-(1.4*K79+1.5*N79) -> 0.873
A80: 79 | B80: 450 | C80: 0 | D80: 210 | H80: 900 | I80: 0 | J80: 0 | K80: =-H80*4.25/10000 -> -0.3825 | L80: 0 | M80: 0 | N80: =-H80*2.5/10000 -> -0.225 | P80: N, | Q80: =A80&"," -> 79, | R80: =B80&"," -> 450, | S80: =C80&"," -> 0, | T80: =D80 -> 210 | U80: D, | V80: =A80&"," -> 79, | W80: =IF(E80=1,"UX","") | X80: =IF(F80=1,"UY","") | Y80: =IF(G80=1,"UY","") | Z80: F, | AA80: =Q80 -> 79, | AB80: FY, | AC80: =-(1.4*K80+1.5*N80) -> 0.873
A81: 80 | B81: 480 | C81: 0 | D81: 210 | H81: 900 | I81: 0 | J81: 0 | K81: =-H81*4.25/10000 -> -0.3825 | L81: 0 | M81: 0 | N81: =-H81*2.5/10000 -> -0.225 | P81: N, | Q81: =A81&"," -> 80, | R81: =B81&"," -> 480, | S81: =C81&"," -> 0, | T81: =D81 -> 210 | U81: D, | V81: =A81&"," -> 80, | W81: =IF(E81=1,"UX","") | X81: =IF(F81=1,"UY","") | Y81: =IF(G81=1,"UY","") | Z81: F, | AA81: =Q81 -> 80, | AB81: FY, | AC81: =-(1.4*K81+1.5*N81) -> 0.873
A82: 81 | B82: 510 | C82: 0 | D82: 210 | H82: 900 | I82: 0 | J82: 0 | K82: =-H82*4.25/10000 -> -0.3825 | L82: 0 | M82: 0 | N82: =-H82*2.5/10000 -> -0.225 | P82: N, | Q82: =A82&"," -> 81, | R82: =B82&"," -> 510, | S82: =C82&"," -> 0, | T82: =D82 -> 210 | U82: D, | V82: =A82&"," -> 81, | W82: =IF(E82=1,"UX","") | X82: =IF(F82=1,"UY","") | Y82: =IF(G82=1,"UY","") | Z82: F, | AA82: =Q82 -> 81, | AB82: FY, | AC82: =-(1.4*K82+1.5*N82) -> 0.873
... A84: 83 | B84: 570 | C84: 0 | D84: 210 | H84: 900 | I84: 0 | J84: 0 | K84: =-H84*4.25/10000 -> -0.3825 | L84: 0 | M84: 0 | N84: =-H84*2.5/10000 -> -0.225 | P84: N, | Q84: =A84&"," -> 83, | R84: =B84&"," -> 570, | S84: =C84&"," -> 0, | T84: =D84 -> 210 | U84: D, | V84: =A84&"," -> 83, | W84: =IF(E84=1,"UX","") | X84: =IF(F84=1,"UY","") | Y84: =IF(G84=1,"UY","") | Z84: F, | AA84: =Q84 -> 83, | AB84: FY, | AC84: =-(1.4*K84+1.5*N84) -> 0.873
A85: 84 | B85: 600 | C85: 0 | D85: 210 | E85: 0 | F85: 0 | G85: 1 | H85: 900 | I85: 0 | J85: 0 | K85: =-H85*4.25/10000 -> -0.3825 | L85: 0 | M85: 0 | N85: =-H85*2.5/10000 -> -0.225 | P85: N, | Q85: =A85&"," -> 84, | R85: =B85&"," -> 600, | S85: =C85&"," -> 0, | T85: =D85 -> 210 | U85: D, | V85: =A85&"," -> 84, | W85: =IF(E85=1,"UX","") | X85: =IF(F85=1,"UY","") | Y85: =IF(G85=1,"UY","") -> UY | Z85: F, | AA85: =Q85 -> 84, | AB85: FY, | AC85: =-(1.4*K85+1.5*N85) -> 0.873
A86: 85 | B86: 0 | C86: 0 | D86: 180 | E86: 0 | F86: 0 | G86: 1 | H86: 900 | I86: 0 | J86: 0 | K86: =-H86*4.25/10000 -> -0.3825 | L86: 0 | M86: 0 | N86: =-H86*2.5/10000 -> -0.225 | P86: N, | Q86: =A86&"," -> 85, | R86: =B86&"," -> 0, | S86: =C86&"," -> 0, | T86: =D86 -> 180 | U86: D, | V86: =A86&"," -> 85, | W86: =IF(E86=1,"UX","") | X86: =IF(F86=1,"UY","") | Y86: =IF(G86=1,"UY","") -> UY | Z86: F, | AA86: =Q86 -> 85, | AB86: FY, | AC86: =-(1.4*K86+1.5*N86) -> 0.873
A87: 86 | B87: 30 | C87: 0 | D87: 180 | H87: 900 | I87: 0 | J87: 0 | K87: =-H87*4.25/10000 -> -0.3825 | L87: 0 | M87: 0 | N87: =-H87*2.5/10000 -> -0.225 | P87: N, | Q87: =A87&"," -> 86, | R87: =B87&"," -> 30, | S87: =C87&"," -> 0, | T87: =D87 -> 180 | U87: D, | V87: =A87&"," -> 86, | W87: =IF(E87=1,"UX","") | X87: =IF(F87=1,"UY","") | Y87: =IF(G87=1,"UY","") | Z87: F, | AA87: =Q87 -> 86, | AB87: FY, | AC87: =-(1.4*K87+1.5*N87) -> 0.873
A88: 87 | B88: 60 | C88: 0 | D88: 180 | H88: 900 | I88: 0 | J88: 0 | K88: =-H88*4.25/10000 -> -0.3825 | L88: 0 | M88: 0 | N88: =-H88*2.5/10000 -> -0.225 | P88: N, | Q88: =A88&"," -> 87, | R88: =B88&"," -> 60, | S88: =C88&"," -> 0, | T88: =D88 -> 180 | U88: D, | V88: =A88&"," -> 87, | W88: =IF(E88=1,"UX","") | X88: =IF(F88=1,"UY","") | Y88: =IF(G88=1,"UY","") | Z88: F, | AA88: =Q88 -> 87, | AB88: FY, | AC88: =-(1.4*K88+1.5*N88) -> 0.873
A89: 88 | B89: 90 | C89: 0 | D89: 180 | H89: 900 | I89: 0 | J89: 0 | K89: =-H89*4.25/10000 -> -0.3825 | L89: 0 | M89: 0 | N89: =-H89*2.5/10000 -> -0.225 | P89: N, | Q89: =A89&"," -> 88, | R89: =B89&"," -> 90, | S89: =C89&"," -> 0, | T89: =D89 -> 180 | U89: D, | V89: =A89&"," -> 88, | W89: =IF(E89=1,"UX","") | X89: =IF(F89=1,"UZ","") | Y89: =IF(G89=1,"UY","") | Z89: F, | AA89: =Q89 -> 88, | AB89: FY, | AC89: =-(1.4*K89+1.5*N89) -> 0.873
A90: 89 | B90: 120 | C90: 0 | D90: 180 | H90: 900 | I90: 0 | J90: 0 | K90: =-H90*4.25/10000 -> -0.3825 | L90: 0 | M90: 0 | N90: =-H90*2.5/10000 -> -0.225 | P90: N, | Q90: =A90&"," -> 89, | R90: =B90&"," -> 120, | S90: =C90&"," -> 0, | T90: =D90 -> 180 | U90: D, | V90: =A90&"," -> 89, | W90: =IF(E90=1,"UX","") | X90: =IF(F90=1,"UZ","") | Y90: =IF(G90=1,"UY","") | Z90: F, | AA90: =Q90 -> 89, | AB90: FY, | AC90: =-(1.4*K90+1.5*N90) -> 0.873
A91: 90 | B91: 150 | C91: 0 | D91: 180 | H91: 900 | I91: 0 | J91: 0 | K91: =-H91*4.25/10000 -> -0.3825 | L91: 0 | M91: 0 | N91: =-H91*2.5/10000 -> -0.225 | P91: N, | Q91: =A91&"," -> 90, | R91: =B91&"," -> 150, | S91: =C91&"," -> 0, | T91: =D91 -> 180 | U91: D, | V91: =A91&"," -> 90, | W91: =IF(E91=1,"UX","") | X91: =IF(F91=1,"UY","") | Y91: =IF(G91=1,"UY","") | Z91: F, | AA91: =Q91 -> 90, | AB91: FY, | AC91: =-(1.4*K91+1.5*N91) -> 0.873
A92: 91 | B92: 180 | C92: 0 | D92: 180 | H92: 900 | I92: 0 | J92: 0 | K92: =-H92*4.25/10000 -> -0.3825 | L92: 0 | M92: 0 | N92: =-H92*2.5/10000 -> -0.225 | P92: N, | Q92: =A92&"," -> 91, | R92: =B92&"," -> 180, | S92: =C92&"," -> 0, | T92: =D92 -> 180 | U92: D, | V92: =A92&"," -> 91, | W92: =IF(E92=1,"UX","") | X92: =IF(F92=1,"UY","") | Y92: =IF(G92=1,"UY","") | Z92: F, | AA92: =Q92 -> 91, | AB92: FY, | AC92: =-(1.4*K92+1.5*N92) -> 0.873
A93: 92 | B93: 210 | C93: 0 | D93: 180 | H93: 900 | I93: 0 | J93: 0 | K93: =-H93*4.25/10000 -> -0.3825 | L93: 0 | M93: 0 | N93: =-H93*2.5/10000 -> -0.225 | P93: N, | Q93: =A93&"," -> 92, | R93: =B93&"," -> 210, | S93: =C93&"," -> 0, | T93: =D93 -> 180 | U93: D, | V93: =A93&"," -> 92, | W93: =IF(E93=1,"UX","") | X93: =IF(F93=1,"UY","") | Y93: =IF(G93=1,"UY","") | Z93: F, | AA93: =Q93 -> 92, | AB93: FY, | AC93: =-(1.4*K93+1.5*N93) -> 0.873
A94: 93 | B94: 240 | C94: 0 | D94: 180 | H94: 900 | I94: 0 | J94: 0 | K94: =-H94*4.25/10000 -> -0.3825 | L94: 0 | M94: 0 | N94: =-H94*2.5/10000 -> -0.225 | P94: N, | Q94: =A94&"," -> 93, | R94: =B94&"," -> 240, | S94: =C94&"," -> 0, | T94: =D94 -> 180 | U94: D, | V94: =A94&"," -> 93, | W94: =IF(E94=1,"UX","") | X94: =IF(F94=1,"UY","") | Y94: =IF(G94=1,"UY","") | Z94: F, | AA94: =Q94 -> 93, | AB94: FY, | AC94: =-(1.4*K94+1.5*N94) -> 0.873
A95: 94 | B95: 270 | C95: 0 | D95: 180 | H95: 900 | I95: 0 | J95: 0 | K95: =-H95*4.25/10000 -> -0.3825 | L95: 0 | M95: 0 | N95: =-H95*2.5/10000 -> -0.225 | P95: N, | Q95: =A95&"," -> 94, | R95: =B95&"," -> 270, | S95: =C95&"," -> 0, | T95: =D95 -> 180 | U95: D, | V95: =A95&"," -> 94, | W95: =IF(E95=1,"UX","") | X95: =IF(F95=1,"UY","") | Y95: =IF(G95=1,"UY","") | Z95: F, | AA95: =Q95 -> 94, | AB95: FY, | AC95: =-(1.4*K95+1.5*N95) -> 0.873
A96: 95 | B96: 300 | C96: 0 | D96: 180 | H96: 900 | I96: 0 | J96: 0 | K96: =-H96*4.25/10000 -> -0.3825 | L96: 0 | M96: 0 | N96: =-H96*2.5/10000 -> -0.225 | P96: N, | Q96: =A96&"," -> 95, | R96: =B96&"," -> 300, | S96: =C96&"," -> 0, | T96: =D96 -> 180 | U96: D, | V96: =A96&"," -> 95, | W96: =IF(E96=1,"UX","") | X96: =IF(F96=1,"UY","") | Y96: =IF(G96=1,"UY","") | Z96: F, | AA96: =Q96 -> 95, | AB96: FY, | AC96: =-(1.4*K96+1.5*N96) -> 0.873
A97: 96 | B97: 330 | C97: 0 | D97: 180 | H97: 900 | I97: 0 | J97: 0 | K97: =-H97*4.25/10000 -> -0.3825 | L97: 0 | M97: 0 | N97: =-H97*2.5/10000 -> -0.225 | P97: N, | Q97: =A97&"," -> 96, | R97: =B97&"," -> 330, | S97: =C97&"," -> 0, | T97: =D97 -> 180 | U97: D, | V97: =A97&"," -> 96, | W97: =IF(E97=1,"UX","") | X97: =IF(F97=1,"UY","") | Y97: =IF(G97=1,"UY","") | Z97: F, | AA97: =Q97 -> 96, | AB97: FY, | AC97: =-(1.4*K97+1.5*N97) -> 0.873
A98: 97 | B98: 360 | C98: 0 | D98: 180 | H98: 900 | I98: 0 | J98: 0 | K98: =-H98*4.25/10000 -> -0.3825 | L98: 0 | M98: 0 | N98: =-H98*2.5/10000 -> -0.225 | P98: N, | Q98: =A98&"," -> 97, | R98: =B98&"," -> 360, | S98: =C98&"," -> 0, | T98: =D98 -> 180 | U98: D, | V98: =A98&"," -> 97, | W98: =IF(E98=1,"UX","") | X98: =IF(F98=1,"UY","") | Y98: =IF(G98=1,"UY","") | Z98: F, | AA98: =Q98 -> 97, | AB98: FY, | AC98: =-(1.4*K98+1.5*N98) -> 0.873
A99: 98 | B99: 390 | C99: 0 | D99: 180 | H99: 900 | I99: 0 | J99: 0 | K99: =-H99*4.25/10000 -> -0.3825 | L99: 0 | M99: 0 | N99: =-H99*2.5/10000 -> -0.225 | P99: N, | Q99: =A99&"," -> 98, | R99: =B99&"," -> 390, | S99: =C99&"," -> 0, | T99: =D99 -> 180 | U99: D, | V99: =A99&"," -> 98, | W99: =IF(E99=1,"UX","") | X99: =IF(F99=1,"UY","") | Y99: =IF(G99=1,"UY","") | Z99: F, | AA99: =Q99 -> 98, | AB99: FY, | AC99: =-(1.4*K99+1.5*N99) -> 0.873
A100: 99 | B100: 420 | C100: 0 | D100: 180 | H100: 900 | I100: 0 | J100: 0 | K100: =-H100*4.25/10000 -> -0.3825 | L100: 0 | M100: 0 | N100: =-H100*2.5/10000 -> -0.225 | P100: N, | Q100: =A100&"," -> 99, | R100: =B100&"," -> 420, | S100: =C100&"," -> 0, | T100: =D100 -> 180 | U100: D, | V100: =A100&"," -> 99, | W100: =IF(E100=1,"UX","") | X100: =IF(F100=1,"UY","") | Y100: =IF(G100=1,"UY","") | Z100: F, | AA100: =Q100 -> 99, | AB100: FY, | AC100: =-(1.4*K100+1.5*N100) -> 0.873
A101: 100 | B101: 450 | C101: 0 | D101: 180 | H101: 900 | I101: 0 | J101: 0 | K101: =-H101*4.25/10000 -> -0.3825 | L101: 0 | M101: 0 | N101: =-H101*2.5/10000 -> -0.225 | P101: N, | Q101: =A101&"," -> 100, | R101: =B101&"," -> 450, | S101: =C101&"," -> 0, | T101: =D101 -> 180 | U101: D, | V101: =A101&"," -> 100, | W101: =IF(E101=1,"UX","") | X101: =IF(F101=1,"UY","") | Y101: =IF(G101=1,"UY","") | Z101: F, | AA101: =Q101 -> 100, | AB101: FY, | AC101: =-(1.4*K101+1.5*N101) -> 0.873
...

Sheet elements
A1: element | B1: node_i | C1: node_j | D1: It | E1: If | F1: E | G1: G | H1: x1 | I1: y1 | J1: x2 | K1: y2 | L1: d | N1: k_rx | O1: k_ry | P1: k_z | R1: ELEMENT | S1: N | T1: i | U1: j
A2: 1 | B2: 1 | C2: 2 | D2: =E2*2 -> 10985 | E2: =(30*13^3)/12 -> 5492.5 | F2: 2380 | G2: =F2/(2*(1+0.2)) -> 991.66667 | H2: =VLOOKUP(B2,nodes!A:D,2,0) -> 0 | I2: =VLOOKUP(B2,nodes!A:D,4,0) -> 300 | J2: =VLOOKUP(C2,nodes!A:D,2,0) -> 30 | K2: =VLOOKUP(C2,nodes!A:D,4,0) -> 300 | L2: =((J2-H2)^2+(K2-I2)^2)^0.5 -> 30 | N2: =12*2380*60*(25^3)/(300*12) -> 7437500 | O2: =12*2380*25*(60^3)/(300*12) -> 42840000 | P2: =2380*25*60/300 -> 11900 | R2: EN, | S2: =A2&"," -> 1, | T2: =B2&"," -> 1, | U2: =C2 -> 2
A3: 2 | B3: 2 | C3: 3 | D3: =E3*2 -> 10985 | E3: =(30*13^3)/12 -> 5492.5 | F3: 2380 | G3: =F3/(2*(1+0.2)) -> 991.66667 | H3: =VLOOKUP(B3,nodes!A:D,2,0) -> 30 | I3: =VLOOKUP(B3,nodes!A:D,4,0) -> 300 | J3: =VLOOKUP(C3,nodes!A:D,2,0) -> 60 | K3: =VLOOKUP(C3,nodes!A:D,4,0) -> 300 | L3: =((J3-H3)^2+(K3-I3)^2)^0.5 -> 30 | N3: =12*2380*60*(25^3)/(300*12) -> 7437500 | O3: =12*2380*25*(60^3)/(300*12) -> 42840000 | P3: =2380*25*60/300 -> 11900 | R3: EN, | S3: =A3&"," -> 2, | T3: =B3&"," -> 2, | U3: =C3 -> 3
A4: 3 | B4: 3 | C4: 4 | D4: =E4*2 -> 10985 | E4: =(30*13^3)/12 -> 5492.5 | F4: 2380 | G4: =F4/(2*(1+0.2)) -> 991.66667 | H4: =VLOOKUP(B4,nodes!A:D,2,0) -> 60 | I4: =VLOOKUP(B4,nodes!A:D,4,0) -> 300 | J4: =VLOOKUP(C4,nodes!A:D,2,0) -> 90 | K4: =VLOOKUP(C4,nodes!A:D,4,0) -> 300 | L4: =((J4-H4)^2+(K4-I4)^2)^0.5 -> 30 | N4: =12*2380*60*(25^3)/(300*12) -> 7437500 | O4: =12*2380*25*(60^3)/(300*12) -> 42840000 | P4: =2380*25*60/300 -> 11900 | R4: EN, | S4: =A4&"," -> 3, | T4: =B4&"," -> 3, | U4: =C4 -> 4
A5: 4 | B5: 4 | C5: 5 | D5: =E5*2 -> 10985 | E5: =(30*13^3)/12 -> 5492.5 | F5: 2380 | G5: =F5/(2*(1+0.2)) -> 991.66667 | H5: =VLOOKUP(B5,nodes!A:D,2,0) -> 90 | I5: =VLOOKUP(B5,nodes!A:D,4,0) -> 300 | J5: =VLOOKUP(C5,nodes!A:D,2,0) -> 120 | K5: =VLOOKUP(C5,nodes!A:D,4,0) -> 300 | L5: =((J5-H5)^2+(K5-I5)^2)^0.5 -> 30 | N5: =12*2380*60*(25^3)/(300*12) -> 7437500 | O5: =12*2380*25*(60^3)/(300*12) -> 42840000 | P5: =2380*25*60/300 -> 11900 | R5: EN, | S5: =A5&"," -> 4, | T5: =B5&"," -> 4, | U5: =C5 -> 5
A6: 5 | B6: 5 | C6: 6 | D6: =E6*2 -> 10985 | E6: =(30*13^3)/12 -> 5492.5 | F6: 2380 | G6: =F6/(2*(1+0.2)) -> 991.66667 | H6: =VLOOKUP(B6,nodes!A:D,2,0) -> 120 | I6: =VLOOKUP(B6,nodes!A:D,4,0) -> 300 | J6: =VLOOKUP(C6,nodes!A:D,2,0) -> 150 | K6: =VLOOKUP(C6,nodes!A:D,4,0) -> 300 | L6: =((J6-H6)^2+(K6-I6)^2)^0.5 -> 30 | N6: =12*2380*60*(25^3)/(300*12) -> 7437500 | O6: =12*2380*25*(60^3)/(300*12) -> 42840000 | P6: =2380*25*60/300 -> 11900 | R6: EN, | S6: =A6&"," -> 5, | T6: =B6&"," -> 5, | U6: =C6 -> 6
A7: 6 | B7: 6 | C7: 7 | D7: =E7*2 -> 10985 | E7: =(30*13^3)/12 -> 5492.5 | F7: 2380 | G7: =F7/(2*(1+0.2)) -> 991.66667 | H7: =VLOOKUP(B7,nodes!A:D,2,0) -> 150 | I7: =VLOOKUP(B7,nodes!A:D,4,0) -> 300 | J7: =VLOOKUP(C7,nodes!A:D,2,0) -> 180 | K7: =VLOOKUP(C7,nodes!A:D,4,0) -> 300 | L7: =((J7-H7)^2+(K7-I7)^2)^0.5 -> 30 | N7: =12*2380*60*(25^3)/(300*12) -> 7437500 | O7: =12*2380*25*(60^3)/(300*12) -> 42840000 | P7: =2380*25*60/300 -> 11900 | R7: EN, | S7: =A7&"," -> 6, | T7: =B7&"," -> 6, | U7: =C7 -> 7
A8: 7 | B8: 7 | C8: 8 | D8: =E8*2 -> 10985 | E8: =(30*13^3)/12 -> 5492.5 | F8: 2380 | G8: =F8/(2*(1+0.2)) -> 991.66667 | H8: =VLOOKUP(B8,nodes!A:D,2,0) -> 180 | I8: =VLOOKUP(B8,nodes!A:D,4,0) -> 300 | J8: =VLOOKUP(C8,nodes!A:D,2,0) -> 210 | K8: =VLOOKUP(C8,nodes!A:D,4,0) -> 300 | L8: =((J8-H8)^2+(K8-I8)^2)^0.5 -> 30 | N8: =12*2380*60*(25^3)/(300*12) -> 7437500 | O8: =12*2380*25*(60^3)/(300*12) -> 42840000 | P8: =2380*25*60/300 -> 11900 | R8: EN, | S8: =A8&"," -> 7, | T8: =B8&"," -> 7, | U8: =C8 -> 8
A9: 8 | B9: 8 | C9: 9 | D9: =E9*2 -> 10985 | E9: =(30*13^3)/12 -> 5492.5 | F9: 2380 | G9: =F9/(2*(1+0.2)) -> 991.66667 | H9: =VLOOKUP(B9,nodes!A:D,2,0) -> 210 | I9: =VLOOKUP(B9,nodes!A:D,4,0) -> 300 | J9: =VLOOKUP(C9,nodes!A:D,2,0) -> 240 | K9: =VLOOKUP(C9,nodes!A:D,4,0) -> 300 | L9: =((J9-H9)^2+(K9-I9)^2)^0.5 -> 30 | N9: =12*2380*60*(25^3)/(300*12) -> 7437500 | O9: =12*2380*25*(60^3)/(300*12) -> 42840000 | P9: =2380*25*60/300 -> 11900 | R9: EN, | S9: =A9&"," -> 8, | T9: =B9&"," -> 8, | U9: =C9 -> 9
A10: 9 | B10: 9 | C10: 10 | D10: =E10*2 -> 10985 | E10: =(30*13^3)/12 -> 5492.5 | F10: 2380 | G10: =F10/(2*(1+0.2)) -> 991.66667 | H10: =VLOOKUP(B10,nodes!A:D,2,0) -> 240 | I10: =VLOOKUP(B10,nodes!A:D,4,0) -> 300 | J10: =VLOOKUP(C10,nodes!A:D,2,0) -> 270 | K10: =VLOOKUP(C10,nodes!A:D,4,0) -> 300 | L10: =((J10-H10)^2+(K10-I10)^2)^0.5 -> 30 | N10: =12*2380*60*(25^3)/(300*12) -> 7437500 | O10: =12*2380*25*(60^3)/(300*12) -> 42840000 | P10: =2380*25*60/300 -> 11900 | R10: EN, | S10: =A10&"," -> 9, | T10: =B10&"," -> 9, | U10: =C10 -> 10
A11: 10 | B11: 10 | C11: 11 | D11: =E11*2 -> 10985 | E11: =(30*13^3)/12 -> 5492.5 | F11: 2380 | G11: =F11/(2*(1+0.2)) -> 991.66667 | H11: =VLOOKUP(B11,nodes!A:D,2,0) -> 270 | I11: =VLOOKUP(B11,nodes!A:D,4,0) -> 300 | J11: =VLOOKUP(C11,nodes!A:D,2,0) -> 300 | K11: =VLOOKUP(C11,nodes!A:D,4,0) -> 300 | L11: =((J11-H11)^2+(K11-I11)^2)^0.5 -> 30 | N11: =12*2380*60*(25^3)/(300*12) -> 7437500 | O11: =12*2380*25*(60^3)/(300*12) -> 42840000 | P11: =2380*25*60/300 -> 11900 | R11: EN, | S11: =A11&"," -> 10, | T11: =B11&"," -> 10, | U11: =C11 -> 11
A12: 11 | B12: 11 | C12: 12 | D12: =E12*2 -> 10985 | E12: =(30*13^3)/12 -> 5492.5 | F12: 2380 | G12: =F12/(2*(1+0.2)) -> 991.66667 | H12: =VLOOKUP(B12,nodes!A:D,2,0) -> 300 | I12: =VLOOKUP(B12,nodes!A:D,4,0) -> 300 | J12: =VLOOKUP(C12,nodes!A:D,2,0) -> 330 | K12: =VLOOKUP(C12,nodes!A:D,4,0) -> 300 | L12: =((J12-H12)^2+(K12-I12)^2)^0.5 -> 30 | N12: =12*2380*60*(25^3)/(300*12) -> 7437500 | O12: =12*2380*25*(60^3)/(300*12) -> 42840000 | P12: =2380*25*60/300 -> 11900 | R12: EN, | S12: =A12&"," -> 11, | T12: =B12&"," -> 11, | U12: =C12 -> 12
A13: 12 | B13: 12 | C13: 13 | D13: =E13*2 -> 10985 | E13: =(30*13^3)/12 -> 5492.5 | F13: 2380 | G13: =F13/(2*(1+0.2)) -> 991.66667 | H13: =VLOOKUP(B13,nodes!A:D,2,0) -> 330 | I13: =VLOOKUP(B13,nodes!A:D,4,0) -> 300 | J13: =VLOOKUP(C13,nodes!A:D,2,0) -> 360 | K13: =VLOOKUP(C13,nodes!A:D,4,0) -> 300 | L13: =((J13-H13)^2+(K13-I13)^2)^0.5 -> 30 | N13: =12*2380*60*(25^3)/(300*12) -> 7437500 | O13: =12*2380*25*(60^3)/(300*12) -> 42840000 | P13: =2380*25*60/300 -> 11900 | R13: EN, | S13: =A13&"," -> 12, | T13: =B13&"," -> 12, | U13: =C13 -> 13
... A431: 430 | B431: 210 | C431: 231 | D431: =E431*2 -> 10985 | E431: =(30*13^3)/12 -> 5492.5 | F431: 2380 | G431: =F431/(2*(1+0.2)) -> 991.66667 | H431: =VLOOKUP(B431,nodes!A:D,2,0) -> 600 | I431: =VLOOKUP(B431,nodes!A:D,4,0) -> 30 | J431: =VLOOKUP(C431,nodes!A:D,2,0) -> 600 | K431: =VLOOKUP(C431,nodes!A:D,4,0) -> 0 | L431: =((J431-H431)^2+(K431-I431)^2)^0.5 -> 30 | N431: =12*2380*60*(25^3)/(300*12) -> 7437500 | O431: =12*2380*25*(60^3)/(300*12) -> 42840000 | P431: =2380*25*60/300 -> 11900 | R431: EN, | S431: =A431&"," -> 430, | T431: =B431&"," -> 210, | U431: =C431 -> 231

Sheet It_corrD
A1: element | B1: node_i | C1: node_j | D1: It | E1: If | F1: E | G1: G | H1: x1 | I1: y1 | J1: x2 | K1: y2 | L1: d | N1: k_rx | O1: k_ry | P1: k_z
A2: 1 | B2: 1 | C2: 2 | D2: 12280 | E2: =(30*13^3)/12 -> 5492.5 | F2: 2380 | G2: =F2/(2*(1+0.2)) -> 991.66667 | H2: =VLOOKUP(B2,nodes!A:D,2,0) -> 0 | I2: =VLOOKUP(B2,nodes!A:D,4,0) -> 300 | J2: =VLOOKUP(C2,nodes!A:D,2,0) -> 30 | K2: =VLOOKUP(C2,nodes!A:D,4,0) -> 300 | L2: =((J2-H2)^2+(K2-I2)^2)^0.5 -> 30 | N2: =12*2380*60*(25^3)/(300*12) -> 7437500 | O2: =12*2380*25*(60^3)/(300*12) -> 42840000 | P2: =2380*25*60/300 -> 11900
A3: 2 | B3: 2 | C3: 3 | D3: 12280 | E3: =(30*13^3)/12 -> 5492.5 | F3: 2380 | G3: =F3/(2*(1+0.2)) -> 991.66667 | H3: =VLOOKUP(B3,nodes!A:D,2,0) -> 30 | I3: =VLOOKUP(B3,nodes!A:D,4,0) -> 300 | J3: =VLOOKUP(C3,nodes!A:D,2,0) -> 60 | K3: =VLOOKUP(C3,nodes!A:D,4,0) -> 300 | L3: =((J3-H3)^2+(K3-I3)^2)^0.5 -> 30 | N3: =12*2380*60*(25^3)/(300*12) -> 7437500 | O3: =12*2380*25*(60^3)/(300*12) -> 42840000 | P3: =2380*25*60/300 -> 11900
A4: 3 | B4: 3 | C4: 4 | D4: 12280 | E4: =(30*13^3)/12 -> 5492.5 | F4: 2380 | G4: =F4/(2*(1+0.2)) -> 991.66667 | H4: =VLOOKUP(B4,nodes!A:D,2,0) -> 60 | I4: =VLOOKUP(B4,nodes!A:D,4,0) -> 300 | J4: =VLOOKUP(C4,nodes!A:D,2,0) -> 90 | K4: =VLOOKUP(C4,nodes!A:D,4,0) -> 300 | L4: =((J4-H4)^2+(K4-I4)^2)^0.5 -> 30 | N4: =12*2380*60*(25^3)/(300*12) -> 7437500 | O4: =12*2380*25*(60^3)/(300*12) -> 42840000 | P4: =2380*25*60/300 -> 11900
A5: 4 | B5: 4 | C5: 5 | D5: 12280 | E5: =(30*13^3)/12 -> 5492.5 | F5: 2380 | G5: =F5/(2*(1+0.2)) -> 991.66667 | H5: =VLOOKUP(B5,nodes!A:D,2,0) -> 90 | I5: =VLOOKUP(B5,nodes!A:D,4,0) -> 300 | J5: =VLOOKUP(C5,nodes!A:D,2,0) -> 120 | K5: =VLOOKUP(C5,nodes!A:D,4,0) -> 300 | L5: =((J5-H5)^2+(K5-I5)^2)^0.5 -> 30 | N5: =12*2380*60*(25^3)/(300*12) -> 7437500 | O5: =12*2380*25*(60^3)/(300*12) -> 42840000 | P5: =2380*25*60/300 -> 11900
A6: 5 | B6: 5 | C6: 6 | D6: 12280 | E6: =(30*13^3)/12 -> 5492.5 | F6: 2380 | G6: =F6/(2*(1+0.2)) -> 991.66667 | H6: =VLOOKUP(B6,nodes!A:D,2,0) -> 120 | I6: =VLOOKUP(B6,nodes!A:D,4,0) -> 300 | J6: =VLOOKUP(C6,nodes!A:D,2,0) -> 150 | K6: =VLOOKUP(C6,nodes!A:D,4,0) -> 300 | L6: =((J6-H6)^2+(K6-I6)^2)^0.5 -> 30 | N6: =12*2380*60*(25^3)/(300*12) -> 7437500 | O6: =12*2380*25*(60^3)/(300*12) -> 42840000 | P6: =2380*25*60/300 -> 11900
A7: 6 | B7: 6 | C7: 7 | D7: 12280 | E7: =(30*13^3)/12 -> 5492.5 | F7: 2380 | G7: =F7/(2*(1+0.2)) -> 991.66667 | H7: =VLOOKUP(B7,nodes!A:D,2,0) -> 150 | I7: =VLOOKUP(B7,nodes!A:D,4,0) -> 300 | J7: =VLOOKUP(C7,nodes!A:D,2,0) -> 180 | K7: =VLOOKUP(C7,nodes!A:D,4,0) -> 300 | L7: =((J7-H7)^2+(K7-I7)^2)^0.5 -> 30 | N7: =12*2380*60*(25^3)/(300*12) -> 7437500 | O7: =12*2380*25*(60^3)/(300*12) -> 42840000 | P7: =2380*25*60/300 -> 11900
A8: 7 | B8: 7 | C8: 8 | D8: 12280 | E8: =(30*13^3)/12 -> 5492.5 | F8: 2380 | G8: =F8/(2*(1+0.2)) -> 991.66667 | H8: =VLOOKUP(B8,nodes!A:D,2,0) -> 180 | I8: =VLOOKUP(B8,nodes!A:D,4,0) -> 300 | J8: =VLOOKUP(C8,nodes!A:D,2,0) -> 210 | K8: =VLOOKUP(C8,nodes!A:D,4,0) -> 300 | L8: =((J8-H8)^2+(K8-I8)^2)^0.5 -> 30 | N8: =12*2380*60*(25^3)/(300*12) -> 7437500 | O8: =12*2380*25*(60^3)/(300*12) -> 42840000 | P8: =2380*25*60/300 -> 11900
A9: 8 | B9: 8 | C9: 9 | D9: 12280 | E9: =(30*13^3)/12 -> 5492.5 | F9: 2380 | G9: =F9/(2*(1+0.2)) -> 991.66667 | H9: =VLOOKUP(B9,nodes!A:D,2,0) -> 210 | I9: =VLOOKUP(B9,nodes!A:D,4,0) -> 300 | J9: =VLOOKUP(C9,nodes!A:D,2,0) -> 240 | K9: =VLOOKUP(C9,nodes!A:D,4,0) -> 300 | L9: =((J9-H9)^2+(K9-I9)^2)^0.5 -> 30 | N9: =12*2380*60*(25^3)/(300*12) -> 7437500 | O9: =12*2380*25*(60^3)/(300*12) -> 42840000 | P9: =2380*25*60/300 -> 11900
A10: 9 | B10: 9 | C10: 10 | D10: 12280 | E10: =(30*13^3)/12 -> 5492.5 | F10: 2380 | G10: =F10/(2*(1+0.2)) -> 991.66667 | H10: =VLOOKUP(B10,nodes!A:D,2,0) -> 240 | I10: =VLOOKUP(B10,nodes!A:D,4,0) -> 300 | J10: =VLOOKUP(C10,nodes!A:D,2,0) -> 270 | K10: =VLOOKUP(C10,nodes!A:D,4,0) -> 300 | L10: =((J10-H10)^2+(K10-I10)^2)^0.5 -> 30 | N10: =12*2380*60*(25^3)/(300*12) -> 7437500 | O10: =12*2380*25*(60^3)/(300*12) -> 42840000 | P10: =2380*25*60/300 -> 11900
A11: 10 | B11: 10 | C11: 11 | D11: 12280 | E11: =(30*13^3)/12 -> 5492.5 | F11: 2380 | G11: =F11/(2*(1+0.2)) -> 991.66667 | H11: =VLOOKUP(B11,nodes!A:D,2,0) -> 270 | I11: =VLOOKUP(B11,nodes!A:D,4,0) -> 300 | J11: =VLOOKUP(C11,nodes!A:D,2,0) -> 300 | K11: =VLOOKUP(C11,nodes!A:D,4,0) -> 300 | L11: =((J11-H11)^2+(K11-I11)^2)^0.5 -> 30 | N11: =12*2380*60*(25^3)/(300*12) -> 7437500 | O11: =12*2380*25*(60^3)/(300*12) -> 42840000 | P11: =2380*25*60/300 -> 11900
A12: 11 | B12: 11 | C12: 12 | D12: 12280 | E12: =(30*13^3)/12 -> 5492.5 | F12: 2380 | G12: =F12/(2*(1+0.2)) -> 991.66667 | H12: =VLOOKUP(B12,nodes!A:D,2,0) -> 300 | I12: =VLOOKUP(B12,nodes!A:D,4,0) -> 300 | J12: =VLOOKUP(C12,nodes!A:D,2,0) -> 330 | K12: =VLOOKUP(C12,nodes!A:D,4,0) -> 300 | L12: =((J12-H12)^2+(K12-I12)^2)^0.5 -> 30 | N12: =12*2380*60*(25^3)/(300*12) -> 7437500 | O12: =12*2380*25*(60^3)/(300*12) -> 42840000 | P12: =2380*25*60/300 -> 11900
A13: 12 | B13: 12 | C13: 13 | D13: 12280 | E13: =(30*13^3)/12 -> 5492.5 | F13: 2380 | G13: =F13/(2*(1+0.2)) -> 991.66667 | H13: =VLOOKUP(B13,nodes!A:D,2,0) -> 330 | I13: =VLOOKUP(B13,nodes!A:D,4,0) -> 300 | J13: =VLOOKUP(C13,nodes!A:D,2,0) -> 360 | K13: =VLOOKUP(C13,nodes!A:D,4,0) -> 300 | L13: =((J13-H13)^2+(K13-I13)^2)^0.5 -> 30 | N13: =12*2380*60*(25^3)/(300*12) -> 7437500 | O13: =12*2380*25*(60^3)/(300*12) -> 42840000 | P13: =2380*25*60/300 -> 11900
... A431: 430 | B431: 210 | C431: 231 | D431: 12280 | E431: =(30*13^3)/12 -> 5492.5 | F431: 2380 | G431: =F431/(2*(1+0.2)) -> 991.66667 | H431: =VLOOKUP(B431,nodes!A:D,2,0) -> 600 | I431: =VLOOKUP(B431,nodes!A:D,4,0) -> 30 | J431: =VLOOKUP(C431,nodes!A:D,2,0) -> 600 | K431: =VLOOKUP(C431,nodes!A:D,4,0) -> 0 | L431: =((J431-H431)^2+(K431-I431)^2)^0.5 -> 30 | N431: =12*2380*60*(25^3)/(300*12) -> 7437500 | O431: =12*2380*25*(60^3)/(300*12) -> 42840000 | P431: =2380*25*60/300 -> 11900

Sheet It_corrM
A1: element | B1: node_i | C1: node_j | D1: It | E1: If | F1: E | G1: G | H1: x1 | I1: y1 | J1: x2 | K1: y2 | L1: d | N1: k_rx | O1: k_ry | P1: k_z
A2: 1 | B2: 1 | C2: 2 | D2: 11140 | E2: =(30*13^3)/12 -> 5492.5 | F2: 2380 | G2: =F2/(2*(1+0.2)) -> 991.66667 | H2: =VLOOKUP(B2,nodes!A:D,2,0) -> 0 | I2: =VLOOKUP(B2,nodes!A:D,4,0) -> 300 | J2: =VLOOKUP(C2,nodes!A:D,2,0) -> 30 | K2: =VLOOKUP(C2,nodes!A:D,4,0) -> 300 | L2: =((J2-H2)^2+(K2-I2)^2)^0.5 -> 30 | N2: =12*2380*60*(25^3)/(300*12) -> 7437500 | O2: =12*2380*25*(60^3)/(300*12) -> 42840000 | P2: =2380*25*60/300 -> 11900
A3: 2 | B3: 2 | C3: 3 | D3: 11140 | E3: =(30*13^3)/12 -> 5492.5 | F3: 2380 | G3: =F3/(2*(1+0.2)) -> 991.66667 | H3: =VLOOKUP(B3,nodes!A:D,2,0) -> 30 | I3: =VLOOKUP(B3,nodes!A:D,4,0) -> 300 | J3: =VLOOKUP(C3,nodes!A:D,2,0) -> 60 | K3: =VLOOKUP(C3,nodes!A:D,4,0) -> 300 | L3: =((J3-H3)^2+(K3-I3)^2)^0.5 -> 30 | N3: =12*2380*60*(25^3)/(300*12) -> 7437500 | O3: =12*2380*25*(60^3)/(300*12) -> 42840000 | P3: =2380*25*60/300 -> 11900
A4: 3 | B4: 3 | C4: 4 | D4: 11140 | E4: =(30*13^3)/12 -> 5492.5 | F4: 2380 | G4: =F4/(2*(1+0.2)) -> 991.66667 | H4: =VLOOKUP(B4,nodes!A:D,2,0) -> 60 | I4: =VLOOKUP(B4,nodes!A:D,4,0) -> 300 | J4: =VLOOKUP(C4,nodes!A:D,2,0) -> 90 | K4: =VLOOKUP(C4,nodes!A:D,4,0) -> 300 | L4: =((J4-H4)^2+(K4-I4)^2)^0.5 -> 30 | N4: =12*2380*60*(25^3)/(300*12) -> 7437500 | O4: =12*2380*25*(60^3)/(300*12) -> 42840000 | P4: =2380*25*60/300 -> 11900
A5: 4 | B5: 4 | C5: 5 | D5: 11140 | E5: =(30*13^3)/12 -> 5492.5 | F5: 2380 | G5: =F5/(2*(1+0.2)) -> 991.66667 | H5: =VLOOKUP(B5,nodes!A:D,2,0) -> 90 | I5: =VLOOKUP(B5,nodes!A:D,4,0) -> 300 | J5: =VLOOKUP(C5,nodes!A:D,2,0) -> 120 | K5: =VLOOKUP(C5,nodes!A:D,4,0) -> 300 | L5: =((J5-H5)^2+(K5-I5)^2)^0.5 -> 30 | N5: =12*2380*60*(25^3)/(300*12) -> 7437500 | O5: =12*2380*25*(60^3)/(300*12) -> 42840000 | P5: =2380*25*60/300 -> 11900
A6: 5 | B6: 5 | C6: 6 | D6: 11140 | E6: =(30*13^3)/12 -> 5492.5 | F6: 2380 | G6: =F6/(2*(1+0.2)) -> 991.66667 | H6: =VLOOKUP(B6,nodes!A:D,2,0) -> 120 | I6: =VLOOKUP(B6,nodes!A:D,4,0) -> 300 | J6: =VLOOKUP(C6,nodes!A:D,2,0) -> 150 | K6: =VLOOKUP(C6,nodes!A:D,4,0) -> 300 | L6: =((J6-H6)^2+(K6-I6)^2)^0.5 -> 30 | N6: =12*2380*60*(25^3)/(300*12) -> 7437500 | O6: =12*2380*25*(60^3)/(300*12) -> 42840000 | P6: =2380*25*60/300 -> 11900
A7: 6 | B7: 6 | C7: 7 | D7: 11140 | E7: =(30*13^3)/12 -> 5492.5 | F7: 2380 | G7: =F7/(2*(1+0.2)) -> 991.66667 | H7: =VLOOKUP(B7,nodes!A:D,2,0) -> 150 | I7: =VLOOKUP(B7,nodes!A:D,4,0) -> 300 | J7: =VLOOKUP(C7,nodes!A:D,2,0) -> 180 | K7: =VLOOKUP(C7,nodes!A:D,4,0) -> 300 | L7: =((J7-H7)^2+(K7-I7)^2)^0.5 -> 30 | N7: =12*2380*60*(25^3)/(300*12) -> 7437500 | O7: =12*2380*25*(60^3)/(300*12) -> 42840000 | P7: =2380*25*60/300 -> 11900
A8: 7 | B8: 7 | C8: 8 | D8: 11140 | E8: =(30*13^3)/12 -> 5492.5 | F8: 2380 | G8: =F8/(2*(1+0.2)) -> 991.66667 | H8: =VLOOKUP(B8,nodes!A:D,2,0) -> 180 | I8: =VLOOKUP(B8,nodes!A:D,4,0) -> 300 | J8: =VLOOKUP(C8,nodes!A:D,2,0) -> 210 | K8: =VLOOKUP(C8,nodes!A:D,4,0) -> 300 | L8: =((J8-H8)^2+(K8-I8)^2)^0.5 -> 30 | N8: =12*2380*60*(25^3)/(300*12) -> 7437500 | O8: =12*2380*25*(60^3)/(300*12) -> 42840000 | P8: =2380*25*60/300 -> 11900
A9: 8 | B9: 8 | C9: 9 | D9: 11140 | E9: =(30*13^3)/12 -> 5492.5 | F9: 2380 | G9: =F9/(2*(1+0.2)) -> 991.66667 | H9: =VLOOKUP(B9,nodes!A:D,2,0) -> 210 | I9: =VLOOKUP(B9,nodes!A:D,4,0) -> 300 | J9: =VLOOKUP(C9,nodes!A:D,2,0) -> 240 | K9: =VLOOKUP(C9,nodes!A:D,4,0) -> 300 | L9: =((J9-H9)^2+(K9-I9)^2)^0.5 -> 30 | N9: =12*2380*60*(25^3)/(300*12) -> 7437500 | O9: =12*2380*25*(60^3)/(300*12) -> 42840000 | P9: =2380*25*60/300 -> 11900
A10: 9 | B10: 9 | C10: 10 | D10: 11140 | E10: =(30*13^3)/12 -> 5492.5 | F10: 2380 | G10: =F10/(2*(1+0.2)) -> 991.66667 | H10: =VLOOKUP(B10,nodes!A:D,2,0) -> 240 | I10: =VLOOKUP(B10,nodes!A:D,4,0) -> 300 | J10: =VLOOKUP(C10,nodes!A:D,2,0) -> 270 | K10: =VLOOKUP(C10,nodes!A:D,4,0) -> 300 | L10: =((J10-H10)^2+(K10-I10)^2)^0.5 -> 30 | N10: =12*2380*60*(25^3)/(300*12) -> 7437500 | O10: =12*2380*25*(60^3)/(300*12) -> 42840000 | P10: =2380*25*60/300 -> 11900
A11: 10 | B11: 10 | C11: 11 | D11: 11140 | E11: =(30*13^3)/12 -> 5492.5 | F11: 2380 | G11: =F11/(2*(1+0.2)) -> 991.66667 | H11: =VLOOKUP(B11,nodes!A:D,2,0) -> 270 | I11: =VLOOKUP(B11,nodes!A:D,4,0) -> 300 | J11: =VLOOKUP(C11,nodes!A:D,2,0) -> 300 | K11: =VLOOKUP(C11,nodes!A:D,4,0) -> 300 | L11: =((J11-H11)^2+(K11-I11)^2)^0.5 -> 30 | N11: =12*2380*60*(25^3)/(300*12) -> 7437500 | O11: =12*2380*25*(60^3)/(300*12) -> 42840000 | P11: =2380*25*60/300 -> 11900
A12: 11 | B12: 11 | C12: 12 | D12: 11140 | E12: =(30*13^3)/12 -> 5492.5 | F12: 2380 | G12: =F12/(2*(1+0.2)) -> 991.66667 | H12: =VLOOKUP(B12,nodes!A:D,2,0) -> 300 | I12: =VLOOKUP(B12,nodes!A:D,4,0) -> 300 | J12: =VLOOKUP(C12,nodes!A:D,2,0) -> 330 | K12: =VLOOKUP(C12,nodes!A:D,4,0) -> 300 | L12: =((J12-H12)^2+(K12-I12)^2)^0.5 -> 30 | N12: =12*2380*60*(25^3)/(300*12) -> 7437500 | O12: =12*2380*25*(60^3)/(300*12) -> 42840000 | P12: =2380*25*60/300 -> 11900
A13: 12 | B13: 12 | C13: 13 | D13: 11140 | E13: =(30*13^3)/12 -> 5492.5 | F13: 2380 | G13: =F13/(2*(1+0.2)) -> 991.66667 | H13: =VLOOKUP(B13,nodes!A:D,2,0) -> 330 | I13: =VLOOKUP(B13,nodes!A:D,4,0) -> 300 | J13: =VLOOKUP(C13,nodes!A:D,2,0) -> 360 | K13: =VLOOKUP(C13,nodes!A:D,4,0) -> 300 | L13: =((J13-H13)^2+(K13-I13)^2)^0.5 -> 30 | N13: =12*2380*60*(25^3)/(300*12) -> 7437500 | O13: =12*2380*25*(60^3)/(300*12) -> 42840000 | P13: =2380*25*60/300 -> 11900
... A431: 430 | B431: 210 | C431: 231 | D431: 11140 | E431: =(30*13^3)/12 -> 5492.5 | F431: 2380 | G431: =F431/(2*(1+0.2)) -> 991.66667 | H431: =VLOOKUP(B431,nodes!A:D,2,0) -> 600 | I431: =VLOOKUP(B431,nodes!A:D,4,0) -> 30 | J431: =VLOOKUP(C431,nodes!A:D,2,0) -> 600 | K431: =VLOOKUP(C431,nodes!A:D,4,0) -> 0 | L431: =((J431-H431)^2+(K431-I431)^2)^0.5 -> 30 | N431: =12*2380*60*(25^3)/(300*12) -> 7437500 | O431: =12*2380*25*(60^3)/(300*12) -> 42840000 | P431: =2380*25*60/300 -> 11900
